dist_id,dist_label,p0,p1,p2,p3,p4,p5,p6,p7,p8,p9,p10,dist_mean,dist_var,dist_skew,mean_tortuosity,std_tortuosity,mean_resistance,std_resistance,mean_fractal_dim,std_fractal_dim,mean_lateral_dev,std_lateral_dev,mean_zero_cost_ratio,n_runs,grid_H,grid_W
0,bimodal_p0=0.000,0.0,0.0,0.0,0.0,0.0,0.0,0.0,0.0,0.0,0.0,1.0,10.0,0.0,0.0,1.0,0.0,290.0,0.0,0.9628,0.0,0.0,0.0,0.0,200,30,60
1,bimodal_p0=0.025,0.025,0.0,0.0,0.0,0.0,0.0,0.0,0.0,0.0,0.0,0.975,9.75,2.4375,-6.0849,1.0247,0.0278,254.35,7.4737,0.9656,0.0301,0.705,0.7881,0.1439,200,30,60
2,bimodal_p0=0.050,0.05,0.0,0.0,0.0,0.0,0.0,0.0,0.0,0.0,0.0,0.95,9.5,4.75,-4.1295,1.059,0.0448,233.35,8.5817,0.9647,0.0483,1.54,1.2065,0.2399,200,30,60
3,bimodal_p0=0.075,0.075,0.0,0.0,0.0,0.0,0.0,0.0,0.0,0.0,0.0,0.925,9.25,6.9375,-3.2271,1.093,0.0615,212.8,10.6171,0.9707,0.0605,2.195,1.5194,0.328,200,30,60
4,bimodal_p0=0.100,0.1,0.0,0.0,0.0,0.0,0.0,0.0,0.0,0.0,0.0,0.9,9.0,9.0,-2.6667,1.1412,0.0669,195.05,10.4664,0.9796,0.0593,3.075,1.6833,0.4108,200,30,60
5,bimodal_p0=0.125,0.125,0.0,0.0,0.0,0.0,0.0,0.0,0.0,0.0,0.0,0.875,8.75,10.9375,-2.2678,1.1627,0.0884,178.0,12.1134,0.9761,0.0679,3.495,2.2839,0.471,200,30,60
6,bimodal_p0=0.150,0.15,0.0,0.0,0.0,0.0,0.0,0.0,0.0,0.0,0.0,0.85,8.5,12.75,-1.9604,1.2063,0.0855,160.35,13.1622,1.0033,0.0612,4.005,2.1255,0.5414,200,30,60
7,bimodal_p0=0.175,0.175,0.0,0.0,0.0,0.0,0.0,0.0,0.0,0.0,0.0,0.825,8.25,14.4375,-1.7107,1.2365,0.0903,144.1,12.7673,0.9895,0.0795,4.545,2.2277,0.5981,200,30,60
8,bimodal_p0=0.200,0.2,0.0,0.0,0.0,0.0,0.0,0.0,0.0,0.0,0.0,0.8,8.0,16.0,-1.5,1.2765,0.1078,128.8,11.5858,0.9905,0.0767,5.04,2.5849,0.6515,200,30,60
9,bimodal_p0=0.225,0.225,0.0,0.0,0.0,0.0,0.0,0.0,0.0,0.0,0.0,0.775,7.75,17.4375,-1.3171,1.3187,0.1011,114.25,11.71,0.998,0.0774,5.795,2.5109,0.7014,200,30,60
10,bimodal_p0=0.250,0.25,0.0,0.0,0.0,0.0,0.0,0.0,0.0,0.0,0.0,0.75,7.5,18.75,-1.1547,1.361,0.1407,102.2,11.995,0.9976,0.0753,6.275,3.2048,0.7401,200,30,60
11,bimodal_p0=0.275,0.275,0.0,0.0,0.0,0.0,0.0,0.0,0.0,0.0,0.0,0.725,7.25,19.9375,-1.0078,1.3928,0.1413,88.6,12.7614,1.0111,0.0763,6.59,2.9624,0.7798,200,30,60
12,bimodal_p0=0.300,0.3,0.0,0.0,0.0,0.0,0.0,0.0,0.0,0.0,0.0,0.7,7.0,21.0,-0.8729,1.443,0.1562,73.9,12.2286,1.0104,0.0815,7.055,3.1578,0.8228,200,30,60
13,bimodal_p0=0.325,0.325,0.0,0.0,0.0,0.0,0.0,0.0,0.0,0.0,0.0,0.675,6.75,21.9375,-0.7473,1.4693,0.1546,61.45,11.7938,1.0131,0.0736,7.54,3.2452,0.8555,200,30,60
14,bimodal_p0=0.350,0.35,0.0,0.0,0.0,0.0,0.0,0.0,0.0,0.0,0.0,0.65,6.5,22.75,-0.629,1.5568,0.1913,50.35,10.58,1.02,0.0822,8.62,3.8873,0.8879,200,30,60
15,bimodal_p0=0.375,0.375,0.0,0.0,0.0,0.0,0.0,0.0,0.0,0.0,0.0,0.625,6.25,23.4375,-0.5164,1.5698,0.1899,40.7,9.9501,1.0218,0.0795,8.62,4.2028,0.9102,200,30,60
16,bimodal_p0=0.400,0.4,0.0,0.0,0.0,0.0,0.0,0.0,0.0,0.0,0.0,0.6,6.0,24.0,-0.4082,1.62,0.2476,30.5,9.1195,1.0349,0.0751,9.215,4.7889,0.934,200,30,60
17,bimodal_p0=0.425,0.425,0.0,0.0,0.0,0.0,0.0,0.0,0.0,0.0,0.0,0.575,5.75,24.4375,-0.3034,1.663,0.2461,19.9,8.0194,1.0316,0.0761,10.015,4.8686,0.9582,200,30,60
18,bimodal_p0=0.450,0.45,0.0,0.0,0.0,0.0,0.0,0.0,0.0,0.0,0.0,0.55,5.5,24.75,-0.201,1.7148,0.2405,12.25,7.6636,1.0357,0.0729,10.755,4.9869,0.9751,200,30,60
19,bimodal_p0=0.475,0.475,0.0,0.0,0.0,0.0,0.0,0.0,0.0,0.0,0.0,0.525,5.25,24.9375,-0.1001,1.6675,0.2648,6.2,6.6166,1.0208,0.0784,10.17,5.2458,0.9869,200,30,60
20,bimodal_p0=0.500,0.5,0.0,0.0,0.0,0.0,0.0,0.0,0.0,0.0,0.0,0.5,5.0,25.0,0.0,1.5838,0.2377,1.9,4.0586,1.0274,0.0793,9.135,4.6373,0.9958,200,30,60
21,bimodal_p0=0.525,0.525,0.0,0.0,0.0,0.0,0.0,0.0,0.0,0.0,0.0,0.475,4.75,24.9375,0.1001,1.4572,0.1495,0.2,1.4035,1.0239,0.0763,6.955,2.7625,0.9996,200,30,60
22,bimodal_p0=0.550,0.55,0.0,0.0,0.0,0.0,0.0,0.0,0.0,0.0,0.0,0.45,4.5,24.75,0.201,1.356,0.0924,0.0,0.0,1.0121,0.0781,5.58,2.3942,1.0,200,30,60
23,bimodal_p0=0.575,0.575,0.0,0.0,0.0,0.0,0.0,0.0,0.0,0.0,0.0,0.425,4.25,24.4375,0.3034,1.2893,0.0727,0.0,0.0,1.006,0.0785,4.695,2.0005,1.0,200,30,60
24,bimodal_p0=0.600,0.6,0.0,0.0,0.0,0.0,0.0,0.0,0.0,0.0,0.0,0.4,4.0,24.0,0.4082,1.2428,0.0618,0.0,0.0,1.0076,0.0776,4.02,1.4936,1.0,200,30,60
25,bimodal_p0=0.625,0.625,0.0,0.0,0.0,0.0,0.0,0.0,0.0,0.0,0.0,0.375,3.75,23.4375,0.5164,1.206,0.0498,0.0,0.0,0.9885,0.0739,3.675,1.3853,1.0,200,30,60
26,bimodal_p0=0.650,0.65,0.0,0.0,0.0,0.0,0.0,0.0,0.0,0.0,0.0,0.35,3.5,22.75,0.629,1.174,0.044,0.0,0.0,0.9886,0.0719,3.11,1.231,1.0,200,30,60
27,bimodal_p0=0.675,0.675,0.0,0.0,0.0,0.0,0.0,0.0,0.0,0.0,0.0,0.325,3.25,21.9375,0.7473,1.146,0.0421,0.0,0.0,0.9848,0.071,2.65,1.1419,1.0,200,30,60
28,bimodal_p0=0.700,0.7,0.0,0.0,0.0,0.0,0.0,0.0,0.0,0.0,0.0,0.3,3.0,21.0,0.8729,1.124,0.0398,0.0,0.0,0.9878,0.0631,2.345,0.9275,1.0,200,30,60
29,bimodal_p0=0.725,0.725,0.0,0.0,0.0,0.0,0.0,0.0,0.0,0.0,0.0,0.275,2.75,19.9375,1.0078,1.0987,0.0372,0.0,0.0,0.979,0.0578,2.02,1.0023,1.0,200,30,60
30,bimodal_p0=0.750,0.75,0.0,0.0,0.0,0.0,0.0,0.0,0.0,0.0,0.0,0.25,2.5,18.75,1.1547,1.0838,0.0326,0.0,0.0,0.9757,0.0535,1.79,0.86,1.0,200,30,60
31,bimodal_p0=0.775,0.775,0.0,0.0,0.0,0.0,0.0,0.0,0.0,0.0,0.0,0.225,2.25,17.4375,1.3171,1.0665,0.0304,0.0,0.0,0.9721,0.0494,1.52,0.7432,1.0,200,30,60
32,bimodal_p0=0.800,0.8,0.0,0.0,0.0,0.0,0.0,0.0,0.0,0.0,0.0,0.2,2.0,16.0,1.5,1.0507,0.0301,0.0,0.0,0.9775,0.0343,1.215,0.6641,1.0,200,30,60
33,bimodal_p0=0.825,0.825,0.0,0.0,0.0,0.0,0.0,0.0,0.0,0.0,0.0,0.175,1.75,14.4375,1.7107,1.0397,0.0246,0.0,0.0,0.9706,0.0356,1.025,0.5531,1.0,200,30,60
34,bimodal_p0=0.850,0.85,0.0,0.0,0.0,0.0,0.0,0.0,0.0,0.0,0.0,0.15,1.5,12.75,1.9604,1.0288,0.0176,0.0,0.0,0.9688,0.0293,0.825,0.4532,1.0,200,30,60
35,bimodal_p0=0.875,0.875,0.0,0.0,0.0,0.0,0.0,0.0,0.0,0.0,0.0,0.125,1.25,10.9375,2.2678,1.0227,0.0156,0.0,0.0,0.9681,0.0235,0.68,0.4676,1.0,200,30,60
36,bimodal_p0=0.900,0.9,0.0,0.0,0.0,0.0,0.0,0.0,0.0,0.0,0.0,0.1,1.0,9.0,2.6667,1.0158,0.0167,0.0,0.0,0.966,0.0208,0.475,0.5006,1.0,200,30,60
37,bimodal_p0=0.925,0.925,0.0,0.0,0.0,0.0,0.0,0.0,0.0,0.0,0.0,0.075,0.75,6.9375,3.2271,1.0113,0.0158,0.0,0.0,0.9675,0.0102,0.34,0.4749,1.0,200,30,60
38,bimodal_p0=0.950,0.95,0.0,0.0,0.0,0.0,0.0,0.0,0.0,0.0,0.0,0.05,0.5,4.75,4.1295,1.007,0.0136,0.0,0.0,0.966,0.0067,0.21,0.4083,1.0,200,30,60
39,bimodal_p0=0.975,0.975,0.0,0.0,0.0,0.0,0.0,0.0,0.0,0.0,0.0,0.025,0.25,2.4375,6.0849,1.003,0.0096,0.0,0.0,0.9641,0.0045,0.09,0.2869,1.0,200,30,60
40,bimodal_p0=1.000,1.0,0.0,0.0,0.0,0.0,0.0,0.0,0.0,0.0,0.0,0.0,0.0,0.0,0.0,1.0,0.0,0.0,0.0,0.9628,0.0,0.0,0.0,1.0,200,30,60
41,uniform_0to1,0.5,0.5,0.0,0.0,0.0,0.0,0.0,0.0,0.0,0.0,0.0,0.5,0.25,0.0,1.5828,0.2434,0.175,0.3939,1.0216,0.0811,8.8,4.4845,0.9961,200,30,60
42,uniform_0to2,0.333333,0.333333,0.333333,0.0,0.0,0.0,0.0,0.0,0.0,0.0,0.0,1.0,0.6667,0.0,1.5787,0.1801,7.085,1.3291,1.0242,0.0816,8.845,3.947,0.8564,200,30,60
43,uniform_0to3,0.25,0.25,0.25,0.25,0.0,0.0,0.0,0.0,0.0,0.0,0.0,1.5,1.25,0.0,1.494,0.1471,14.755,1.8607,1.0194,0.0837,7.46,3.1731,0.722,200,30,60
44,uniform_0to4,0.2,0.2,0.2,0.2,0.2,0.0,0.0,0.0,0.0,0.0,0.0,2.0,2.0,0.0,1.4457,0.1397,22.735,2.4831,1.0204,0.081,6.965,3.1003,0.6221,200,30,60
45,uniform_0to5,0.166667,0.166667,0.166667,0.166667,0.166667,0.166667,0.0,0.0,0.0,0.0,0.0,2.5,2.9167,0.0,1.4175,0.1212,31.035,2.9695,1.0051,0.0821,6.455,2.7415,0.5338,200,30,60
46,uniform_0to6,0.142857,0.142857,0.142857,0.142857,0.142857,0.142857,0.142857,0.0,0.0,0.0,0.0,3.0,4.0,-0.0,1.3855,0.1152,39.475,3.503,1.0194,0.084,6.07,2.619,0.4783,200,30,60
47,uniform_0to7,0.125,0.125,0.125,0.125,0.125,0.125,0.125,0.125,0.0,0.0,0.0,3.5,5.25,0.0,1.3845,0.1188,47.645,3.6614,1.0093,0.086,6.295,2.7083,0.4229,200,30,60
48,uniform_0to8,0.111111,0.111111,0.111111,0.111111,0.111111,0.111111,0.111111,0.111111,0.111111,0.0,0.0,4.0,6.6667,0.0,1.3818,0.111,56.22,4.6291,1.0082,0.0836,5.81,2.4235,0.3851,200,30,60
49,uniform_0to9,0.1,0.1,0.1,0.1,0.1,0.1,0.1,0.1,0.1,0.1,0.0,4.5,8.25,-0.0,1.3525,0.111,64.09,5.4369,1.0151,0.0769,5.62,2.4588,0.3463,200,30,60
50,uniform_0to10,0.090909,0.090909,0.090909,0.090909,0.090909,0.090909,0.090909,0.090909,0.090909,0.090909,0.090909,5.0,10.0,0.0,1.361,0.1206,72.33,5.3134,1.0152,0.08,5.8,2.8106,0.3298,200,30,60
51,uniform_1to2,0.0,0.5,0.5,0.0,0.0,0.0,0.0,0.0,0.0,0.0,0.0,1.5,0.25,0.0,1.0488,0.0381,36.12,1.0202,0.9686,0.044,1.235,0.9296,0.0,200,30,60
52,uniform_1to3,0.0,0.333333,0.333333,0.333333,0.0,0.0,0.0,0.0,0.0,0.0,0.0,2.0,0.6667,0.0,1.1098,0.055,44.2,1.6685,0.9734,0.0612,2.495,1.3636,0.0,200,30,60
53,uniform_1to4,0.0,0.25,0.25,0.25,0.25,0.0,0.0,0.0,0.0,0.0,0.0,2.5,1.25,0.0,1.143,0.0588,52.265,2.0776,0.9838,0.0598,2.975,1.4334,0.0,200,30,60
54,uniform_1to5,0.0,0.2,0.2,0.2,0.2,0.2,0.0,0.0,0.0,0.0,0.0,3.0,2.0,0.0,1.1555,0.068,60.945,2.5739,0.9807,0.0689,3.225,1.6456,0.0,200,30,60
55,uniform_1to6,0.0,0.166667,0.166667,0.166667,0.166667,0.166667,0.166667,0.0,0.0,0.0,0.0,3.5,2.9167,0.0,1.1803,0.0757,68.94,3.1712,0.984,0.0732,3.52,1.8348,0.0,200,30,60
56,uniform_1to7,0.0,0.142857,0.142857,0.142857,0.142857,0.142857,0.142857,0.142857,0.0,0.0,0.0,4.0,4.0,-0.0,1.1978,0.0667,76.815,3.6904,0.9884,0.0725,3.595,1.6778,0.0,200,30,60
57,uniform_1to8,0.0,0.125,0.125,0.125,0.125,0.125,0.125,0.125,0.125,0.0,0.0,4.5,5.25,0.0,1.2047,0.0711,85.4,4.1661,0.9837,0.0752,3.785,1.6316,0.0,200,30,60
58,uniform_1to9,0.0,0.111111,0.111111,0.111111,0.111111,0.111111,0.111111,0.111111,0.111111,0.111111,0.0,5.0,6.6667,0.0,1.2107,0.0733,93.535,4.8192,0.9857,0.0674,3.93,1.8929,0.0,200,30,60
59,uniform_1to10,0.0,0.1,0.1,0.1,0.1,0.1,0.1,0.1,0.1,0.1,0.1,5.5,8.25,-0.0,1.2223,0.0837,102.915,5.0333,0.9867,0.0769,3.9,1.8322,0.0,200,30,60
60,uniform_2to3,0.0,0.0,0.5,0.5,0.0,0.0,0.0,0.0,0.0,0.0,0.0,2.5,0.25,0.0,1.0127,0.0185,65.95,1.097,0.9653,0.0185,0.375,0.5439,0.0,200,30,60
61,uniform_2to4,0.0,0.0,0.333333,0.333333,0.333333,0.0,0.0,0.0,0.0,0.0,0.0,3.0,0.6667,0.0,1.0372,0.0314,75.29,1.6912,0.9662,0.0387,0.96,0.7884,0.0,200,30,60
62,uniform_2to5,0.0,0.0,0.25,0.25,0.25,0.25,0.0,0.0,0.0,0.0,0.0,3.5,1.25,0.0,1.0637,0.0394,84.64,2.2529,0.9666,0.0544,1.57,0.9899,0.0,200,30,60
63,uniform_2to6,0.0,0.0,0.2,0.2,0.2,0.2,0.2,0.0,0.0,0.0,0.0,4.0,2.0,0.0,1.0837,0.0437,93.39,2.8475,0.9674,0.0594,1.905,0.9904,0.0,200,30,60
64,uniform_2to7,0.0,0.0,0.166667,0.166667,0.166667,0.166667,0.166667,0.166667,0.0,0.0,0.0,4.5,2.9167,0.0,1.1028,0.0552,102.275,3.4958,0.9663,0.0648,2.22,1.3419,0.0,200,30,60
65,uniform_2to8,0.0,0.0,0.142857,0.142857,0.142857,0.142857,0.142857,0.142857,0.142857,0.0,0.0,5.0,4.0,-0.0,1.1157,0.054,110.74,4.1277,0.983,0.0609,2.37,1.2534,0.0,200,30,60
66,uniform_2to9,0.0,0.0,0.125,0.125,0.125,0.125,0.125,0.125,0.125,0.125,0.0,5.5,5.25,0.0,1.1257,0.0595,118.995,4.3114,0.9783,0.0625,2.665,1.312,0.0,200,30,60
67,uniform_2to10,0.0,0.0,0.111111,0.111111,0.111111,0.111111,0.111111,0.111111,0.111111,0.111111,0.111111,6.0,6.6667,0.0,1.1343,0.0607,127.93,5.2948,0.9691,0.0711,2.765,1.4248,0.0,200,30,60
68,uniform_3to4,0.0,0.0,0.0,0.5,0.5,0.0,0.0,0.0,0.0,0.0,0.0,3.5,0.25,0.0,1.0037,0.011,95.305,1.1127,0.9645,0.0054,0.11,0.3293,0.0,200,30,60
69,uniform_3to5,0.0,0.0,0.0,0.333333,0.333333,0.333333,0.0,0.0,0.0,0.0,0.0,4.0,0.6667,0.0,1.0173,0.0227,105.39,1.8123,0.965,0.026,0.475,0.601,0.0,200,30,60
70,uniform_3to6,0.0,0.0,0.0,0.25,0.25,0.25,0.25,0.0,0.0,0.0,0.0,4.5,1.25,0.0,1.0315,0.0292,115.145,2.1766,0.9663,0.0322,0.86,0.7832,0.0,200,30,60
71,uniform_3to7,0.0,0.0,0.0,0.2,0.2,0.2,0.2,0.2,0.0,0.0,0.0,5.0,2.0,-0.0,1.0462,0.0327,124.52,2.8123,0.9722,0.0358,1.19,0.8411,0.0,200,30,60
72,uniform_3to8,0.0,0.0,0.0,0.166667,0.166667,0.166667,0.166667,0.166667,0.166667,0.0,0.0,5.5,2.9167,-0.0,1.0565,0.038,133.65,3.4477,0.9694,0.0435,1.395,0.9766,0.0,200,30,60
73,uniform_3to9,0.0,0.0,0.0,0.142857,0.142857,0.142857,0.142857,0.142857,0.142857,0.142857,0.0,6.0,4.0,0.0,1.0737,0.0391,142.37,3.8714,0.9657,0.0541,1.84,0.9997,0.0,200,30,60
74,uniform_3to10,0.0,0.0,0.0,0.125,0.125,0.125,0.125,0.125,0.125,0.125,0.125,6.5,5.25,0.0,1.087,0.051,151.775,4.8468,0.9712,0.0575,2.05,1.2868,0.0,200,30,60
75,uniform_4to5,0.0,0.0,0.0,0.0,0.5,0.5,0.0,0.0,0.0,0.0,0.0,4.5,0.25,0.0,1.0003,0.0033,124.19,1.1665,0.9624,0.0065,0.01,0.0997,0.0,200,30,60
76,uniform_4to6,0.0,0.0,0.0,0.0,0.333333,0.333333,0.333333,0.0,0.0,0.0,0.0,5.0,0.6667,0.0,1.008,0.0147,134.55,1.856,0.9629,0.0186,0.24,0.4397,0.0,200,30,60
77,uniform_4to7,0.0,0.0,0.0,0.0,0.25,0.25,0.25,0.25,0.0,0.0,0.0,5.5,1.25,0.0,1.0147,0.0205,144.8,2.5401,0.9651,0.0255,0.41,0.5599,0.0,200,30,60
78,uniform_4to8,0.0,0.0,0.0,0.0,0.2,0.2,0.2,0.2,0.2,0.0,0.0,6.0,2.0,0.0,1.0277,0.027,154.445,3.0502,0.968,0.0279,0.755,0.7194,0.0,200,30,60
79,uniform_4to9,0.0,0.0,0.0,0.0,0.166667,0.166667,0.166667,0.166667,0.166667,0.166667,0.0,6.5,2.9167,-0.0,1.0425,0.0327,164.14,3.6007,0.9677,0.0402,1.095,0.7739,0.0,200,30,60
80,uniform_4to10,0.0,0.0,0.0,0.0,0.142857,0.142857,0.142857,0.142857,0.142857,0.142857,0.142857,7.0,4.0,-0.0,1.0465,0.035,173.655,4.3428,0.9716,0.0343,1.275,0.9507,0.0,200,30,60
81,uniform_5to6,0.0,0.0,0.0,0.0,0.0,0.5,0.5,0.0,0.0,0.0,0.0,5.5,0.25,0.0,1.0,0.0,153.325,1.2028,0.9628,0.0,0.0,0.0,0.0,200,30,60
82,uniform_5to7,0.0,0.0,0.0,0.0,0.0,0.333333,0.333333,0.333333,0.0,0.0,0.0,6.0,0.6667,0.0,1.003,0.0096,163.9,1.9336,0.963,0.01,0.09,0.2869,0.0,200,30,60
83,uniform_5to8,0.0,0.0,0.0,0.0,0.0,0.25,0.25,0.25,0.25,0.0,0.0,6.5,1.25,0.0,1.01,0.0164,174.005,2.7628,0.9634,0.018,0.295,0.4787,0.0,200,30,60
84,uniform_5to9,0.0,0.0,0.0,0.0,0.0,0.2,0.2,0.2,0.2,0.2,0.0,7.0,2.0,0.0,1.0193,0.0217,184.285,3.1181,0.9631,0.0301,0.56,0.6232,0.0,200,30,60
85,uniform_5to10,0.0,0.0,0.0,0.0,0.0,0.166667,0.166667,0.166667,0.166667,0.166667,0.166667,7.5,2.9167,-0.0,1.0238,0.0253,194.19,3.6249,0.966,0.0292,0.67,0.7097,0.0,200,30,60
86,uniform_6to7,0.0,0.0,0.0,0.0,0.0,0.0,0.5,0.5,0.0,0.0,0.0,6.5,0.25,0.0,1.0,0.0,182.305,1.1997,0.9628,0.0,0.0,0.0,0.0,200,30,60
87,uniform_6to8,0.0,0.0,0.0,0.0,0.0,0.0,0.333333,0.333333,0.333333,0.0,0.0,7.0,0.6667,0.0,1.0015,0.0069,193.14,1.8729,0.962,0.0115,0.045,0.2078,0.0,200,30,60
88,uniform_6to9,0.0,0.0,0.0,0.0,0.0,0.0,0.25,0.25,0.25,0.25,0.0,7.5,1.25,0.0,1.0067,0.0138,203.63,2.3195,0.9637,0.0146,0.2,0.4133,0.0,200,30,60
89,uniform_6to10,0.0,0.0,0.0,0.0,0.0,0.0,0.2,0.2,0.2,0.2,0.2,8.0,2.0,0.0,1.0133,0.0186,214.16,3.123,0.9614,0.0247,0.39,0.5379,0.0,200,30,60
90,uniform_7to8,0.0,0.0,0.0,0.0,0.0,0.0,0.0,0.5,0.5,0.0,0.0,7.5,0.25,0.0,1.0,0.0,211.29,1.2096,0.9628,0.0,0.0,0.0,0.0,200,30,60
91,uniform_7to9,0.0,0.0,0.0,0.0,0.0,0.0,0.0,0.333333,0.333333,0.333333,0.0,8.0,0.6667,0.0,1.0003,0.0033,221.795,1.9755,0.9629,0.0017,0.01,0.0997,0.0,200,30,60
92,uniform_7to10,0.0,0.0,0.0,0.0,0.0,0.0,0.0,0.25,0.25,0.25,0.25,8.5,1.25,0.0,1.003,0.0096,232.285,2.8149,0.9636,0.0079,0.09,0.2869,0.0,200,30,60
93,uniform_8to9,0.0,0.0,0.0,0.0,0.0,0.0,0.0,0.0,0.5,0.5,0.0,8.5,0.25,0.0,1.0,0.0,240.455,1.1639,0.9628,0.0,0.0,0.0,0.0,200,30,60
94,uniform_8to10,0.0,0.0,0.0,0.0,0.0,0.0,0.0,0.0,0.333333,0.333333,0.333333,9.0,0.6667,0.0,1.0002,0.0024,250.96,1.8911,0.9628,0.001,0.005,0.0707,0.0,200,30,60
95,obstacles_p10=0.000,0.1,0.1,0.1,0.1,0.1,0.1,0.1,0.1,0.1,0.1,0.0,4.5,8.25,-0.0,1.3647,0.1112,64.37,5.0399,1.0135,0.0733,5.98,2.5617,0.3451,200,30,60
96,obstacles_p10=0.050,0.095,0.095,0.095,0.095,0.095,0.095,0.095,0.095,0.095,0.095,0.05,4.775,9.2744,0.0229,1.3583,0.1075,68.71,5.3186,1.0103,0.082,5.69,2.4687,0.3283,200,30,60
97,obstacles_p10=0.100,0.09,0.09,0.09,0.09,0.09,0.09,0.09,0.09,0.09,0.09,0.1,5.05,10.1475,-0.0084,1.3492,0.1027,72.895,5.7278,1.0114,0.0823,5.4,2.2529,0.319,200,30,60
98,obstacles_p10=0.150,0.085,0.085,0.085,0.085,0.085,0.085,0.085,0.085,0.085,0.085,0.15,5.325,10.8694,-0.07,1.3553,0.1153,78.43,5.3279,1.0085,0.0821,5.59,2.6829,0.3045,200,30,60
99,obstacles_p10=0.200,0.08,0.08,0.08,0.08,0.08,0.08,0.08,0.08,0.08,0.08,0.2,5.6,11.44,-0.1501,1.3347,0.0986,84.955,6.3105,1.0012,0.0707,5.345,2.2,0.2907,200,30,60
100,obstacles_p10=0.250,0.075,0.075,0.075,0.075,0.075,0.075,0.075,0.075,0.075,0.075,0.25,5.875,11.8594,-0.243,1.3502,0.1155,90.985,6.4749,0.9961,0.0873,5.535,2.6578,0.2846,200,30,60
101,obstacles_p10=0.300,0.07,0.07,0.07,0.07,0.07,0.07,0.07,0.07,0.07,0.07,0.3,6.15,12.1275,-0.346,1.3325,0.104,97.88,6.6018,0.9938,0.0838,5.445,2.2522,0.263,200,30,60
102,obstacles_p10=0.350,0.065,0.065,0.065,0.065,0.065,0.065,0.065,0.065,0.065,0.065,0.35,6.425,12.2444,-0.4578,1.3137,0.1023,105.705,7.4184,0.9954,0.0805,5.26,2.343,0.247,200,30,60
103,obstacles_p10=0.400,0.06,0.06,0.06,0.06,0.06,0.06,0.06,0.06,0.06,0.06,0.4,6.7,12.21,-0.5786,1.2908,0.0996,114.24,7.0385,1.0076,0.0756,4.89,2.2546,0.228,200,30,60
104,obstacles_p10=0.450,0.055,0.055,0.055,0.055,0.055,0.055,0.055,0.055,0.055,0.055,0.45,6.975,12.0244,-0.7093,1.2842,0.1013,123.565,7.8827,0.9896,0.0786,4.87,2.313,0.2071,200,30,60
105,obstacles_p10=0.500,0.05,0.05,0.05,0.05,0.05,0.05,0.05,0.05,0.05,0.05,0.5,7.25,11.6875,-0.8517,1.2655,0.0976,132.68,7.9387,0.9925,0.0729,4.83,2.362,0.2083,200,30,60
106,obstacles_p10=0.550,0.045,0.045,0.045,0.045,0.045,0.045,0.045,0.045,0.045,0.045,0.55,7.525,11.1994,-1.0088,1.2492,0.0905,143.105,8.8326,0.985,0.0793,4.21,1.8637,0.1873,200,30,60
107,obstacles_p10=0.600,0.04,0.04,0.04,0.04,0.04,0.04,0.04,0.04,0.04,0.04,0.6,7.8,10.56,-1.1848,1.2312,0.0895,156.34,8.2872,1.0011,0.0661,4.155,2.0621,0.1653,200,30,60
108,obstacles_p10=0.650,0.035,0.035,0.035,0.035,0.035,0.035,0.035,0.035,0.035,0.035,0.65,8.075,9.7694,-1.3861,1.1917,0.0748,167.165,8.5969,0.9798,0.0761,3.68,1.837,0.1585,200,30,60
109,obstacles_p10=0.700,0.03,0.03,0.03,0.03,0.03,0.03,0.03,0.03,0.03,0.03,0.7,8.35,8.8275,-1.6228,1.171,0.0821,179.34,8.7989,0.9794,0.0737,3.325,1.878,0.1361,200,30,60
110,obstacles_p10=0.750,0.025,0.025,0.025,0.025,0.025,0.025,0.025,0.025,0.025,0.025,0.75,8.625,7.7344,-1.9117,1.1345,0.0651,194.28,8.3607,0.9764,0.0627,2.865,1.603,0.1195,200,30,60
111,obstacles_p10=0.800,0.02,0.02,0.02,0.02,0.02,0.02,0.02,0.02,0.02,0.02,0.8,8.9,6.49,-2.2834,1.1215,0.0623,207.78,7.7597,0.9734,0.0582,2.635,1.4774,0.1061,200,30,60
112,obstacles_p10=0.850,0.015,0.015,0.015,0.015,0.015,0.015,0.015,0.015,0.015,0.015,0.85,9.175,5.0944,-2.8008,1.0907,0.0579,223.265,7.622,0.9711,0.059,2.1,1.4562,0.0857,200,30,60
113,obstacles_p10=0.900,0.01,0.01,0.01,0.01,0.01,0.01,0.01,0.01,0.01,0.01,0.9,9.45,3.5475,-3.6264,1.0532,0.0427,239.8,6.7362,0.9656,0.041,1.38,1.1189,0.0622,200,30,60
114,obstacles_p10=0.950,0.005,0.005,0.005,0.005,0.005,0.005,0.005,0.005,0.005,0.005,0.95,9.725,1.8494,-5.399,1.0228,0.0269,257.87,5.4582,0.9636,0.0308,0.635,0.7242,0.034,200,30,60
115,low_res_p0=0.000,0.0,0.1,0.1,0.1,0.1,0.1,0.1,0.1,0.1,0.1,0.1,5.5,8.25,-0.0,1.2198,0.0836,101.9,5.8473,1.0023,0.0672,3.95,1.787,0.0,200,30,60
116,low_res_p0=0.050,0.05,0.095,0.095,0.095,0.095,0.095,0.095,0.095,0.095,0.095,0.095,5.225,9.2744,-0.0229,1.301,0.0986,85.22,5.7109,1.0016,0.0758,4.905,2.3395,0.1945,200,30,60
117,low_res_p0=0.100,0.1,0.09,0.09,0.09,0.09,0.09,0.09,0.09,0.09,0.09,0.09,4.95,10.1475,0.0084,1.3503,0.1025,69.21,5.8427,1.0109,0.0797,5.515,2.2617,0.3472,200,30,60
118,low_res_p0=0.150,0.15,0.085,0.085,0.085,0.085,0.085,0.085,0.085,0.085,0.085,0.085,4.675,10.8694,0.07,1.439,0.1364,55.415,5.4101,1.0312,0.0772,6.815,2.9109,0.4803,200,30,60
119,low_res_p0=0.200,0.2,0.08,0.08,0.08,0.08,0.08,0.08,0.08,0.08,0.08,0.08,4.4,11.44,0.1501,1.5042,0.1661,42.565,5.1496,1.0406,0.0828,7.185,3.4974,0.5945,200,30,60
120,low_res_p0=0.250,0.25,0.075,0.075,0.075,0.075,0.075,0.075,0.075,0.075,0.075,0.075,4.125,11.8594,0.243,1.5828,0.1884,31.255,4.8089,1.0352,0.0831,8.045,3.4963,0.6913,200,30,60
121,low_res_p0=0.300,0.3,0.07,0.07,0.07,0.07,0.07,0.07,0.07,0.07,0.07,0.07,3.85,12.1275,0.346,1.6482,0.1925,20.495,4.3916,1.0371,0.0824,9.14,4.1213,0.7826,200,30,60
122,low_res_p0=0.350,0.35,0.065,0.065,0.065,0.065,0.065,0.065,0.065,0.065,0.065,0.065,3.575,12.2444,0.4578,1.7665,0.2753,12.565,3.3439,1.044,0.0778,10.64,5.336,0.8613,200,30,60
123,low_res_p0=0.400,0.4,0.06,0.06,0.06,0.06,0.06,0.06,0.06,0.06,0.06,0.06,3.3,12.21,0.5786,1.798,0.2906,6.175,2.489,1.0524,0.0756,11.2,5.2005,0.9211,200,30,60
124,low_res_p0=0.450,0.45,0.055,0.055,0.055,0.055,0.055,0.055,0.055,0.055,0.055,0.055,3.025,12.0244,0.7093,1.8293,0.3489,1.85,1.3252,1.0532,0.0786,11.65,5.6673,0.972,200,30,60
125,low_res_p0=0.500,0.5,0.05,0.05,0.05,0.05,0.05,0.05,0.05,0.05,0.05,0.05,2.75,11.6875,0.8517,1.6207,0.2619,0.195,0.4561,1.0285,0.083,9.265,5.2154,0.9962,200,30,60
126,low_res_p0=0.550,0.55,0.045,0.045,0.045,0.045,0.045,0.045,0.045,0.045,0.045,0.045,2.475,11.1994,1.0088,1.3607,0.1135,0.005,0.0707,0.9983,0.0856,5.66,2.4667,0.9999,200,30,60
127,low_res_p0=0.600,0.6,0.04,0.04,0.04,0.04,0.04,0.04,0.04,0.04,0.04,0.04,2.2,10.56,1.1848,1.2417,0.0592,0.0,0.0,0.9971,0.0804,3.94,1.6091,1.0,200,30,60
128,low_res_p0=0.650,0.65,0.035,0.035,0.035,0.035,0.035,0.035,0.035,0.035,0.035,0.035,1.925,9.7694,1.3861,1.1762,0.0418,0.0,0.0,0.9803,0.0795,3.21,1.29,1.0,200,30,60
129,low_res_p0=0.700,0.7,0.03,0.03,0.03,0.03,0.03,0.03,0.03,0.03,0.03,0.03,1.65,8.8275,1.6228,1.131,0.0389,0.0,0.0,0.9851,0.0666,2.415,0.9258,1.0,200,30,60
130,low_res_p0=0.750,0.75,0.025,0.025,0.025,0.025,0.025,0.025,0.025,0.025,0.025,0.025,1.375,7.7344,1.9117,1.0885,0.0313,0.0,0.0,0.9782,0.0588,1.84,0.7729,1.0,200,30,60
131,low_res_p0=0.800,0.8,0.02,0.02,0.02,0.02,0.02,0.02,0.02,0.02,0.02,0.02,1.1,6.49,2.2834,1.0517,0.0273,0.0,0.0,0.9729,0.0385,1.26,0.6438,1.0,200,30,60
132,low_res_p0=0.850,0.85,0.015,0.015,0.015,0.015,0.015,0.015,0.015,0.015,0.015,0.015,0.825,5.0944,2.8008,1.029,0.0175,0.0,0.0,0.9679,0.0296,0.83,0.4496,1.0,200,30,60
133,low_res_p0=0.900,0.9,0.01,0.01,0.01,0.01,0.01,0.01,0.01,0.01,0.01,0.01,0.55,3.5475,3.6264,1.0158,0.0167,0.0,0.0,0.9664,0.0197,0.475,0.5006,1.0,200,30,60
134,low_res_p0=0.950,0.95,0.005,0.005,0.005,0.005,0.005,0.005,0.005,0.005,0.005,0.005,0.275,1.8494,5.399,1.0067,0.0134,0.0,0.0,0.9655,0.0094,0.2,0.401,1.0,200,30,60
135,exponential_lam=-0.80,0.550754,0.24747,0.111195,0.049963,0.02245,0.010087,0.004533,0.002037,0.000915,0.000411,0.000185,0.8143,1.4635,2.0893,1.3483,0.0974,0.0,0.0,1.0156,0.0757,5.705,2.4817,1.0,200,30,60
136,exponential_lam=-0.70,0.503643,0.250102,0.124197,0.061674,0.030627,0.015209,0.007552,0.00375,0.001862,0.000925,0.000459,0.9815,1.9046,1.9864,1.6057,0.2846,0.105,0.3073,1.0316,0.0827,9.04,4.7414,0.9977,200,30,60
137,exponential_lam=-0.60,0.451803,0.247955,0.13608,0.074683,0.040987,0.022494,0.012345,0.006775,0.003718,0.002041,0.00112,1.2014,2.5309,1.8463,1.7335,0.2973,1.2,0.8327,1.0316,0.0764,10.675,5.7963,0.976,200,30,60
138,exponential_lam=-0.50,0.395084,0.239631,0.145343,0.088155,0.053469,0.03243,0.01967,0.011931,0.007236,0.004389,0.002662,1.4964,3.4191,1.6555,1.6643,0.2406,3.725,1.2111,1.039,0.0806,9.645,4.7552,0.9252,200,30,60
139,exponential_lam=-0.40,0.333778,0.223738,0.149976,0.100532,0.067389,0.045172,0.03028,0.020297,0.013606,0.00912,0.006113,1.8965,4.6446,1.4067,1.608,0.1799,7.94,1.5903,1.0251,0.0808,8.545,3.497,0.8457,200,30,60
140,exponential_lam=-0.30,0.269107,0.19936,0.147689,0.109411,0.081054,0.060046,0.044483,0.032954,0.024413,0.018085,0.013398,2.437,6.2169,1.1028,1.5412,0.1633,15.015,2.2673,1.0374,0.0815,7.565,3.4123,0.7318,200,30,60
141,exponential_lam=-0.20,0.203857,0.166904,0.13665,0.111879,0.091599,0.074995,0.061401,0.050271,0.041158,0.033697,0.027589,3.1459,7.9601,0.7565,1.4827,0.1435,26.725,2.9313,1.0139,0.0823,7.135,3.1649,0.5973,200,30,60
142,exponential_lam=-0.10,0.142645,0.129071,0.116788,0.105674,0.095618,0.086519,0.078285,0.070835,0.064095,0.057995,0.052476,4.0198,9.4181,0.384,1.4402,0.1284,44.76,4.2334,1.0199,0.0839,6.755,2.9305,0.4615,200,30,60
143,exponential_lam=-0.00,0.090909,0.090909,0.090909,0.090909,0.090909,0.090909,0.090909,0.090909,0.090909,0.090909,0.090909,5.0,10.0,0.0,1.3495,0.1102,72.7,5.4005,1.0032,0.0814,5.815,2.6125,0.315,200,30,60
144,exponential_lam=+0.10,0.052476,0.057995,0.064095,0.070835,0.078285,0.086519,0.095618,0.105674,0.116788,0.129071,0.142645,5.9802,9.4181,-0.384,1.2633,0.1051,105.835,6.3363,0.9938,0.0803,4.565,2.1043,0.2131,200,30,60
145,exponential_lam=+0.20,0.027589,0.033697,0.041158,0.050271,0.061401,0.074995,0.091599,0.111879,0.13665,0.166904,0.203857,6.8541,7.9601,-0.7565,1.1835,0.0782,141.815,6.9485,0.9808,0.0734,3.455,1.7531,0.1234,200,30,60
146,exponential_lam=+0.30,0.013398,0.018085,0.024413,0.032954,0.044483,0.060046,0.081054,0.109411,0.147689,0.19936,0.269107,7.563,6.2169,-1.1028,1.1167,0.0598,172.64,6.1514,0.9678,0.0649,2.52,1.4526,0.073,200,30,60
147,exponential_lam=+0.40,0.006113,0.00912,0.013606,0.020297,0.03028,0.045172,0.067389,0.100532,0.149976,0.223738,0.333778,8.1035,4.6446,-1.4067,1.0755,0.0551,196.895,6.5443,0.9728,0.0482,1.745,1.2641,0.0372,200,30,60
148,exponential_lam=+0.50,0.002662,0.004389,0.007236,0.011931,0.01967,0.03243,0.053469,0.088155,0.145343,0.239631,0.395084,8.5036,3.4191,-1.6555,1.0512,0.0357,216.845,5.6826,0.9665,0.0418,1.35,0.912,0.0175,200,30,60
149,exponential_lam=+0.60,0.00112,0.002041,0.003718,0.006775,0.012345,0.022494,0.040987,0.074683,0.13608,0.247955,0.451803,8.7986,2.5309,-1.8463,1.0325,0.0296,230.35,4.6319,0.9703,0.0301,0.89,0.8193,0.0084,200,30,60
150,exponential_lam=+0.70,0.000459,0.000925,0.001862,0.00375,0.007552,0.015209,0.030627,0.061674,0.124197,0.250102,0.503643,9.0185,1.9046,-1.9864,1.0162,0.0222,240.86,4.4145,0.9637,0.026,0.46,0.6248,0.0052,200,30,60
151,exponential_lam=+0.80,0.000185,0.000411,0.000915,0.002037,0.004533,0.010087,0.02245,0.049963,0.111195,0.24747,0.550754,9.1857,1.4635,-2.0893,1.0098,0.0163,248.44,4.1705,0.9626,0.0203,0.295,0.4891,0.0019,200,30,60
152,fixed_mean_f=0.00,0.090909,0.090909,0.090909,0.090909,0.090909,0.090909,0.090909,0.090909,0.090909,0.090909,0.090909,5.0,10.0,0.0,1.354,0.1188,71.34,6.2698,1.0053,0.0792,5.69,2.6053,0.3274,200,30,60
153,fixed_mean_f=0.05,0.086364,0.086364,0.086364,0.086364,0.086364,0.136364,0.086364,0.086364,0.086364,0.086364,0.086364,5.0,9.5,0.0,1.3412,0.105,74.935,6.0675,1.012,0.0812,5.405,2.6677,0.313,200,30,60
154,fixed_mean_f=0.10,0.081818,0.081818,0.081818,0.081818,0.081818,0.181818,0.081818,0.081818,0.081818,0.081818,0.081818,5.0,9.0,0.0,1.3245,0.1045,77.89,5.2761,0.9974,0.0864,5.16,2.2292,0.2999,200,30,60
155,fixed_mean_f=0.15,0.077273,0.077273,0.077273,0.077273,0.077273,0.227273,0.077273,0.077273,0.077273,0.077273,0.077273,5.0,8.5,-0.0,1.3078,0.0893,80.33,5.6365,0.9983,0.0829,5.15,1.9842,0.2939,200,30,60
156,fixed_mean_f=0.20,0.072727,0.072727,0.072727,0.072727,0.072727,0.272727,0.072727,0.072727,0.072727,0.072727,0.072727,5.0,8.0,0.0,1.2858,0.0915,82.775,5.3636,1.0092,0.076,4.755,2.0435,0.2869,200,30,60
157,fixed_mean_f=0.25,0.068182,0.068182,0.068182,0.068182,0.068182,0.318182,0.068182,0.068182,0.068182,0.068182,0.068182,5.0,7.5,0.0,1.2797,0.0958,86.75,5.257,1.0013,0.079,4.73,2.2298,0.2673,200,30,60
158,fixed_mean_f=0.30,0.063636,0.063636,0.063636,0.063636,0.063636,0.363636,0.063636,0.063636,0.063636,0.063636,0.063636,5.0,7.0,-0.0,1.2567,0.0974,89.205,5.4148,0.9968,0.0774,4.485,2.1849,0.2622,200,30,60
159,fixed_mean_f=0.35,0.059091,0.059091,0.059091,0.059091,0.059091,0.409091,0.059091,0.059091,0.059091,0.059091,0.059091,5.0,6.5,0.0,1.233,0.0834,92.515,5.5192,0.9945,0.0728,4.215,1.859,0.2427,200,30,60
160,fixed_mean_f=0.40,0.054545,0.054545,0.054545,0.054545,0.054545,0.454545,0.054545,0.054545,0.054545,0.054545,0.054545,5.0,6.0,-0.0,1.2235,0.086,95.155,4.7044,0.995,0.0759,3.935,1.9364,0.2333,200,30,60
161,fixed_mean_f=0.45,0.05,0.05,0.05,0.05,0.05,0.5,0.05,0.05,0.05,0.05,0.05,5.0,5.5,0.0,1.2063,0.0819,99.02,4.9459,0.9837,0.0758,3.935,1.8186,0.2217,200,30,60
162,fixed_mean_f=0.50,0.045455,0.045455,0.045455,0.045455,0.045455,0.545455,0.045455,0.045455,0.045455,0.045455,0.045455,5.0,5.0,-0.0,1.182,0.0775,101.79,5.44,0.9878,0.0693,3.67,1.9051,0.2111,200,30,60
163,fixed_mean_f=0.55,0.040909,0.040909,0.040909,0.040909,0.040909,0.590909,0.040909,0.040909,0.040909,0.040909,0.040909,5.0,4.5,-0.0,1.1618,0.0751,105.18,4.8222,0.9754,0.0743,3.28,1.7311,0.1947,200,30,60
164,fixed_mean_f=0.60,0.036364,0.036364,0.036364,0.036364,0.036364,0.636364,0.036364,0.036364,0.036364,0.036364,0.036364,5.0,4.0,0.0,1.1447,0.0697,108.235,4.7468,0.9759,0.072,2.945,1.7456,0.1776,200,30,60
165,fixed_mean_f=0.65,0.031818,0.031818,0.031818,0.031818,0.031818,0.681818,0.031818,0.031818,0.031818,0.031818,0.031818,5.0,3.5,-0.0,1.129,0.0667,111.735,4.7569,0.9781,0.0621,2.72,1.5761,0.1571,200,30,60
166,fixed_mean_f=0.70,0.027273,0.027273,0.027273,0.027273,0.027273,0.727273,0.027273,0.027273,0.027273,0.027273,0.027273,5.0,3.0,-0.0,1.1073,0.0588,114.885,4.4101,0.9755,0.0637,2.27,1.3137,0.1463,200,30,60
167,fixed_mean_f=0.75,0.022727,0.022727,0.022727,0.022727,0.022727,0.772727,0.022727,0.022727,0.022727,0.022727,0.022727,5.0,2.5,-0.0,1.0868,0.0518,119.13,4.7904,0.9685,0.0558,2.105,1.3239,0.1223,200,30,60
168,fixed_mean_f=0.80,0.018182,0.018182,0.018182,0.018182,0.018182,0.818182,0.018182,0.018182,0.018182,0.018182,0.018182,5.0,2.0,-0.0,1.0718,0.0496,122.17,3.9138,0.9708,0.0521,1.685,1.1456,0.1093,200,30,60
169,fixed_mean_f=0.85,0.013636,0.013636,0.013636,0.013636,0.013636,0.863636,0.013636,0.013636,0.013636,0.013636,0.013636,5.0,1.5,-0.0,1.0458,0.0421,126.145,4.0417,0.9624,0.0448,1.155,1.008,0.0869,200,30,60
170,fixed_mean_f=0.90,0.009091,0.009091,0.009091,0.009091,0.009091,0.909091,0.009091,0.009091,0.009091,0.009091,0.009091,5.0,1.0,-0.0,1.0328,0.0345,130.43,2.9832,0.9627,0.0359,0.89,0.9177,0.068,200,30,60
171,fixed_mean_f=0.95,0.004545,0.004545,0.004545,0.004545,0.004545,0.954545,0.004545,0.004545,0.004545,0.004545,0.004545,5.0,0.5,-0.0,1.0097,0.0176,134.415,2.4644,0.964,0.0179,0.275,0.4905,0.0417,200,30,60
172,random_000_a=0.5,0.086932,0.138346,0.000958,0.081669,0.001774,0.014857,0.048456,0.033621,0.115192,0.080481,0.397712,6.6157,14.5635,-0.6643,1.3922,0.1292,95.755,8.17,1.0018,0.0889,6.17,2.6696,0.2974,200,30,60
173,random_001_a=0.5,0.208331,0.006031,0.177145,0.026895,0.055857,0.004276,0.013044,0.048414,0.144737,0.277234,0.038036,5.1363,13.9399,-0.1994,1.5172,0.1548,50.375,5.9271,1.0198,0.0861,7.625,3.4691,0.6178,200,30,60
174,random_002_a=0.5,0.138422,0.22477,0.152884,0.055148,0.005118,0.130277,0.085049,0.11302,0.083006,0.000249,0.012058,3.4561,7.8646,0.3898,1.4365,0.1349,33.85,3.7049,1.0187,0.0754,6.7,3.0175,0.4408,200,30,60
175,random_003_a=0.5,0.309875,0.00085,0.021544,0.078537,0.122196,0.247191,0.000129,0.157627,0.006501,0.005798,0.049752,3.7102,8.7527,0.1514,1.5967,0.1985,28.14,4.9965,1.0319,0.083,8.73,4.0284,0.8371,200,30,60
176,random_004_a=0.5,0.021372,0.003274,0.428182,0.016618,0.193678,0.047471,0.002184,0.022007,0.007346,0.175457,0.082413,4.5507,9.5226,0.6828,1.2047,0.0688,75.25,3.5056,1.0008,0.0641,3.825,1.789,0.0908,200,30,60
177,random_005_a=0.5,0.000986,0.00024,0.01505,0.001479,0.004025,0.047895,0.421271,0.116247,0.032759,0.329037,0.03101,7.1652,2.7067,-0.2522,1.034,0.032,184.35,4.1983,0.9647,0.0374,0.93,0.8595,0.0098,200,30,60
178,random_006_a=0.5,0.031606,0.304179,0.005655,0.003389,0.022738,0.185172,0.003337,0.015237,0.089547,0.310224,0.028915,5.2667,12.2298,-0.1733,1.4057,0.1211,67.06,5.9661,1.0152,0.0874,6.035,2.517,0.0998,200,30,60
179,random_007_a=0.5,0.013827,0.010704,0.004427,0.030929,0.25966,0.044046,0.130187,0.115333,0.384585,0.002462,0.003839,6.0969,3.9251,-0.669,1.0982,0.059,142.08,4.5835,0.9691,0.0607,2.18,1.3664,0.0803,200,30,60
180,random_008_a=0.5,0.080472,0.008323,0.176517,4.2e-05,0.003748,0.003202,0.120021,0.008609,0.131829,0.003705,0.463533,6.8962,13.1306,-0.7345,1.3163,0.1096,113.185,8.8489,1.0004,0.0795,5.21,2.426,0.2972,200,30,60
181,random_009_a=0.5,0.019171,0.10285,0.017368,0.000131,0.091077,0.004169,0.479526,0.046239,6.7e-05,0.227945,0.011456,5.8906,6.1783,-0.6434,1.1852,0.0741,120.305,6.5832,0.9841,0.0688,3.445,1.7614,0.0806,200,30,60
182,random_010_a=0.5,0.080262,0.079311,0.029315,0.097128,0.043135,0.011727,0.209953,0.000928,0.004474,0.020164,0.423603,6.38,13.2332,-0.4062,1.3422,0.1124,99.55,6.92,1.0014,0.084,5.81,2.6588,0.2905,200,30,60
183,random_011_a=0.5,0.03471,0.005711,0.001314,0.154461,0.066343,0.108998,0.523537,0.014105,0.02663,0.059767,0.004426,5.3172,3.441,-0.5663,1.1185,0.0607,120.24,5.1823,0.9768,0.0579,2.61,1.4692,0.1781,200,30,60
184,random_012_a=0.5,0.00064,0.00233,0.412164,0.220088,0.105757,0.004294,0.062774,0.050806,0.104473,0.004634,0.032039,3.8616,5.5343,1.1324,1.1128,0.048,75.505,2.3956,0.9682,0.0703,2.34,1.1406,0.0046,200,30,60
185,random_013_a=0.5,0.015078,0.075366,0.032512,0.040501,0.065396,0.011673,0.005759,0.182394,0.09002,0.43006,0.051241,6.9963,7.8252,-1.1407,1.1963,0.0816,144.49,7.6644,0.982,0.0738,3.645,1.7186,0.0646,200,30,60
186,random_014_a=0.5,0.28959,0.020772,0.002923,0.009493,0.108182,0.088552,0.295857,0.12081,0.004638,0.002489,0.056695,4.1778,9.3467,-0.1942,1.5412,0.1701,37.455,5.3705,1.0242,0.0813,7.88,3.4079,0.796,200,30,60
187,random_015_a=0.5,0.071701,0.239381,0.010421,0.014078,0.00311,0.027304,0.092846,0.332855,0.032719,0.173469,0.002117,5.1826,10.2896,-0.4641,1.4028,0.1355,69.485,6.3618,1.0091,0.0774,6.185,2.8726,0.2327,200,30,60
188,random_016_a=0.5,0.029221,0.01235,0.280124,0.001731,0.159105,0.008211,0.115491,0.262222,0.000185,0.000378,0.130981,5.0985,8.0522,0.1775,1.2333,0.0823,90.725,5.0085,0.9968,0.0764,4.205,1.9653,0.1194,200,30,60
189,random_017_a=0.5,0.174039,0.132707,0.114662,0.162658,0.005856,0.036615,0.060874,0.003465,0.00536,0.085764,0.218001,4.4408,14.7952,0.4097,1.4908,0.1437,37.065,4.238,1.0249,0.0883,6.885,2.9877,0.5225,200,30,60
190,random_018_a=0.5,0.013934,0.015659,0.097753,0.202063,0.009792,0.042214,0.265018,0.120167,0.008359,0.043161,0.181881,5.773,7.7577,0.0689,1.1847,0.0672,115.27,4.7476,0.9852,0.0758,3.435,1.5157,0.0671,200,30,60
191,random_019_a=0.5,0.044068,0.012307,0.045489,0.013224,0.08458,0.118541,0.025983,0.079101,0.10817,0.06836,0.400177,7.266,9.125,-0.849,1.2048,0.0819,147.555,8.1065,0.99,0.0688,3.76,1.8546,0.1953,200,30,60
192,random_020_a=0.5,0.047967,0.173483,0.213114,0.002538,0.218927,0.01489,0.005659,0.201066,0.026205,0.07097,0.025181,4.0991,8.1212,0.4148,1.322,0.0932,57.395,4.1224,1.0014,0.0795,5.075,2.2371,0.1784,200,30,60
193,random_021_a=0.5,0.037416,0.226153,0.016911,0.010376,0.433369,0.077745,0.002479,0.072808,0.008784,0.02098,0.092979,4.1267,7.4512,0.681,1.2915,0.1094,64.02,4.3398,0.9944,0.0814,4.835,2.205,0.1395,200,30,60
194,random_022_a=0.5,0.014352,0.105586,0.121189,0.000816,0.070794,0.283992,0.189447,0.0616,0.085786,0.02804,0.038396,4.944,5.8263,-0.0946,1.2155,0.0803,93.92,5.4083,0.9957,0.075,3.825,1.8606,0.0613,200,30,60
195,random_023_a=0.5,0.109229,0.029533,0.000158,0.051669,0.019881,0.110572,0.10459,0.194665,0.160988,0.215367,0.003349,6.0671,8.1542,-0.9917,1.2833,0.0975,108.44,7.6471,1.0011,0.0756,4.77,2.1866,0.4267,200,30,60
196,random_024_a=0.5,0.047881,0.115742,0.164247,0.029681,0.000415,0.059285,0.053449,0.041878,0.001779,0.229417,0.256227,6.0865,13.7792,-0.3345,1.3715,0.1135,87.495,7.0226,1.0107,0.0783,5.915,2.6784,0.1739,200,30,60
197,random_025_a=0.5,0.023776,0.002044,0.103608,0.22888,0.157856,0.070049,3e-06,0.088468,0.027573,0.086336,0.211406,5.6085,9.5312,0.2681,1.2045,0.0704,103.305,5.2583,0.9852,0.0719,3.8,1.7651,0.1037,200,30,60
198,random_026_a=0.5,0.243957,0.070773,0.014867,0.023014,0.187922,0.003685,0.072198,0.379082,0.003554,0.000888,6.1e-05,4.0635,8.4042,-0.3324,1.5565,0.181,39.11,5.3358,1.0352,0.0848,8.025,3.5137,0.6991,200,30,60
199,random_027_a=0.5,0.093414,0.038276,0.156678,0.017536,0.011971,0.396046,0.149729,0.10112,0.012619,0.005233,0.017377,4.3604,5.2168,-0.3718,1.2865,0.1028,74.46,5.3131,0.9983,0.0792,4.72,2.1922,0.3569,200,30,60
200,random_028_a=0.5,0.223997,0.048878,0.252376,0.219046,0.118479,0.066905,0.000327,0.000429,0.001092,0.06781,0.00066,2.6498,5.2379,1.2141,1.4548,0.1348,27.05,3.0486,1.0072,0.0789,7.03,2.8741,0.6832,200,30,60
201,random_029_a=0.5,0.198871,0.032054,0.004412,1e-06,0.084174,0.065355,0.404824,0.036534,0.080891,0.018302,0.074582,4.9467,9.042,-0.4521,1.4222,0.1349,66.565,6.0289,1.0152,0.078,6.675,2.933,0.6412,200,30,60
202,random_030_a=0.5,0.003626,0.003059,1.4e-05,0.000157,0.052865,0.198544,0.004242,0.201152,0.317907,0.060754,0.157679,7.3081,3.45,-0.4827,1.0478,0.0337,184.02,4.7679,0.9662,0.0432,1.265,0.8993,0.0249,200,30,60
203,random_031_a=0.5,0.190925,0.009775,0.021069,0.000186,7.6e-05,0.133398,0.141869,0.330032,0.003317,0.115603,0.053751,5.4857,9.5694,-0.7476,1.374,0.1139,80.24,8.2091,1.0061,0.0835,6.065,2.7346,0.6302,200,30,60
204,random_032_a=0.5,3e-06,0.00282,0.258494,0.071612,0.000447,0.01521,0.196003,0.247374,0.068432,0.027476,0.11213,5.6362,7.2981,-0.1076,1.193,0.0745,110.98,5.0095,0.987,0.0833,3.38,1.5581,0.0001,200,30,60
205,random_033_a=0.5,0.21915,0.051642,4.6e-05,0.079634,0.0026,0.045837,0.006555,0.009354,0.377019,0.013222,0.194942,5.7196,14.631,-0.4971,1.5155,0.1585,62.415,7.7539,1.024,0.0808,7.385,3.1713,0.655,200,30,60
206,random_034_a=0.5,0.028386,0.136189,0.166222,0.002162,0.264369,0.00197,0.137393,0.122887,0.030767,0.076585,0.033071,4.4931,7.3587,0.2641,1.2648,0.092,74.3,4.341,1.0003,0.0829,4.515,2.1004,0.1119,200,30,60
207,random_035_a=0.5,0.449614,0.007502,0.030105,0.005142,0.022337,0.001897,0.287494,0.007916,0.052918,0.044935,0.090139,3.6915,13.7299,0.2851,1.872,0.3276,3.97,3.1382,1.0436,0.0787,12.3,5.8952,0.9722,200,30,60
208,random_036_a=0.5,0.00208,0.014754,0.244516,0.003224,0.201053,0.050297,0.01089,0.208625,0.113524,0.023402,0.127635,5.49,7.8949,0.11,1.184,0.0801,105.67,4.9754,0.9809,0.0698,3.64,1.8622,0.0104,200,30,60
209,random_037_a=0.5,0.01168,0.003975,0.002752,0.016426,0.334303,0.031441,0.01685,0.007101,0.425309,0.073266,0.076898,6.5348,5.3924,-0.3866,1.1062,0.0539,149.05,5.138,0.9774,0.0585,2.37,1.3236,0.0665,200,30,60
210,random_038_a=0.5,0.037421,0.003129,0.005302,0.00855,0.000179,0.386706,0.076623,0.031776,0.006947,0.043542,0.399825,7.1015,7.6099,-0.4318,1.14,0.0658,154.645,6.8347,0.9784,0.0673,2.935,1.5173,0.1885,200,30,60
211,random_039_a=0.5,0.000504,0.179141,0.144499,0.009022,0.038525,1e-06,0.000774,0.003343,0.085803,0.409518,0.12887,6.3381,13.0238,-0.5438,1.3355,0.0963,96.885,7.5423,1.0125,0.0841,5.45,2.2833,0.0015,200,30,60
212,random_040_a=1.5,0.039825,0.08805,0.008799,0.11067,0.102242,0.080209,0.100066,0.036922,0.185111,0.166426,0.081679,5.902,8.8334,-0.3894,1.263,0.0916,106.85,6.7278,0.9917,0.0814,4.44,2.078,0.1627,200,30,60
213,random_041_a=1.5,0.086401,0.152687,0.036015,0.132274,0.104415,0.05352,0.107831,0.233552,0.009062,0.024864,0.05938,4.4787,8.2948,0.0687,1.3652,0.1106,63.645,5.1801,1.0089,0.0754,5.825,2.5607,0.3018,200,30,60
214,random_042_a=1.5,0.114235,0.089341,0.113918,0.047244,0.069858,0.156364,0.081073,0.102701,0.067489,0.038342,0.119434,4.8048,10.2299,0.079,1.3877,0.1139,64.41,5.6088,1.019,0.0789,6.085,2.5476,0.3823,200,30,60
215,random_043_a=1.5,0.100037,0.049903,0.018045,0.072359,0.066495,0.037414,0.245641,0.139868,0.065077,0.066887,0.138274,5.7144,9.2252,-0.4383,1.309,0.1008,94.725,7.8015,1.0025,0.0789,5.235,2.1918,0.3844,200,30,60
216,random_044_a=1.5,0.188272,0.072426,0.113644,0.071264,0.021632,0.010072,0.093861,0.230195,0.066385,0.081098,0.051152,4.5974,11.2215,-0.0771,1.5112,0.1494,46.245,5.9339,1.02,0.0889,7.34,3.2891,0.5711,200,30,60
217,random_045_a=1.5,0.009344,0.049794,0.065597,0.076567,0.170465,0.099662,0.172265,0.109541,0.101685,0.117094,0.027985,5.5384,5.9062,-0.1267,1.1608,0.0697,114.505,5.2543,0.9697,0.0772,3.1,1.5466,0.0459,200,30,60
218,random_046_a=1.5,0.201133,0.077448,0.079919,0.108262,0.070645,0.033796,0.101006,0.080288,0.077567,0.091812,0.078123,4.4098,11.6844,0.1548,1.5093,0.1466,41.7,5.0783,1.0273,0.0777,7.335,3.1691,0.599,200,30,60
219,random_047_a=1.5,0.183962,0.173049,0.065597,0.06361,0.001454,0.036556,0.113123,0.043406,0.145102,0.138326,0.035816,4.4302,12.5906,0.0686,1.5402,0.1557,36.265,4.9687,1.0344,0.0813,7.405,2.7838,0.5235,200,30,60
220,random_048_a=1.5,0.104253,0.290104,0.016777,0.065984,0.014421,0.037329,0.355148,0.065962,0.006551,0.031245,0.012225,3.8144,7.7553,0.0576,1.4495,0.1396,41.96,4.4449,1.0131,0.0837,6.715,2.9998,0.3327,200,30,60
221,random_049_a=1.5,0.065857,0.082806,0.11619,0.098312,0.010958,0.079318,0.050375,0.12969,0.107515,0.23802,0.02096,5.4725,10.0671,-0.313,1.3345,0.1089,85.0,6.5907,1.0047,0.0717,5.685,2.7134,0.238,200,30,60
222,random_050_a=1.5,0.037637,0.075678,0.111928,0.061213,0.047665,0.160406,0.07544,0.05844,0.023398,0.003521,0.344673,6.0032,11.6382,-0.1173,1.2842,0.099,99.81,6.3209,0.9945,0.0734,4.73,2.1236,0.1478,200,30,60
223,random_051_a=1.5,0.177807,0.124455,0.101964,0.036129,0.105435,0.018152,0.070387,0.028037,0.105796,0.21038,0.021458,4.5222,12.413,0.0883,1.5137,0.164,41.945,5.1238,1.0344,0.078,7.61,3.5709,0.5245,200,30,60
224,random_052_a=1.5,0.0574,0.104504,0.008487,0.013708,0.310699,0.128282,0.051423,0.094731,0.060554,0.107317,0.062894,5.0977,7.8042,0.0171,1.2682,0.0882,88.78,5.8817,0.9853,0.0772,4.715,2.1812,0.231,200,30,60
225,random_053_a=1.5,0.052309,0.101882,0.096608,0.176816,0.08088,0.059597,0.196838,0.047327,0.002099,0.112721,0.072923,4.7199,8.5486,0.2802,1.2945,0.0948,75.72,4.4532,0.9998,0.082,4.76,2.1624,0.1948,200,30,60
226,random_054_a=1.5,0.071674,0.144543,0.04732,0.002953,0.146826,0.036922,0.025346,0.137168,0.192677,0.052111,0.142459,5.5672,11.0707,-0.3044,1.364,0.1191,81.765,6.8362,1.0149,0.0809,5.8,2.5003,0.2487,200,30,60
227,random_055_a=1.5,0.090798,0.245438,0.088728,0.16318,0.036095,0.008855,0.139766,0.00845,0.118484,0.019053,0.081156,3.9297,10.1125,0.5495,1.3903,0.1152,43.535,3.7442,1.0143,0.0832,5.94,2.4549,0.3007,200,30,60
228,random_056_a=1.5,0.201371,0.089936,0.042089,0.074932,0.030338,0.259567,0.023952,0.046608,0.083479,0.070419,0.077309,4.3628,10.7972,0.1417,1.5023,0.1519,43.615,5.585,1.029,0.082,6.99,3.1797,0.5992,200,30,60
229,random_057_a=1.5,0.036253,0.047288,0.12751,0.122577,0.084036,0.169343,0.131534,0.119653,0.007761,0.083173,0.070873,4.999,7.1675,0.179,1.2363,0.0786,91.615,5.2368,0.9879,0.0735,4.31,2.0383,0.1583,200,30,60
230,random_058_a=1.5,0.1934,0.05372,0.068455,0.018446,0.02319,0.193866,0.093715,0.245296,0.05279,0.011325,0.045796,4.5696,9.0985,-0.2869,1.454,0.1378,55.0,6.2999,1.0089,0.0843,6.715,2.8415,0.5929,200,30,60
231,random_059_a=1.5,0.029634,0.086946,0.084132,0.075463,0.233555,0.130142,0.019437,0.108449,0.04982,0.039732,0.14269,5.1253,8.5134,0.283,1.2395,0.0853,90.845,5.0784,0.9928,0.0754,4.175,2.0136,0.1269,200,30,60
232,random_060_a=1.5,0.021791,0.124325,0.109237,0.021302,0.007131,0.054274,0.143094,0.080548,0.176718,0.075906,0.185673,6.0826,10.3494,-0.4525,1.3025,0.0982,103.275,6.8325,1.0031,0.083,5.185,2.5064,0.0887,200,30,60
233,random_061_a=1.5,0.057944,0.164762,0.071941,0.095434,0.115461,0.145459,0.049737,0.158234,0.110291,0.02076,0.009978,4.3591,7.0756,0.0068,1.3278,0.1006,66.805,4.7285,1.0094,0.0888,5.08,1.9807,0.2074,200,30,60
234,random_062_a=1.5,0.187399,0.065662,0.012774,0.272592,0.123967,0.10252,0.032358,0.014668,0.090039,0.075045,0.022976,3.8398,8.3952,0.4424,1.4283,0.1235,43.745,4.3143,1.0165,0.0817,6.425,2.7772,0.5929,200,30,60
235,random_063_a=1.5,0.031278,0.029297,0.027997,0.057412,0.146034,0.167689,0.104841,0.123068,0.174425,0.006159,0.1318,5.9395,6.5563,-0.2255,1.1717,0.072,123.27,5.1536,0.9787,0.0703,3.48,1.832,0.1533,200,30,60
236,random_064_a=1.5,0.167989,0.050618,0.143478,0.051519,0.102218,0.079645,0.01592,0.02113,0.191641,0.120958,0.054884,4.7132,11.6596,0.0349,1.4642,0.1438,51.665,5.7154,1.0128,0.0826,6.965,3.1961,0.5333,200,30,60
237,random_065_a=1.5,0.088319,0.047175,0.156641,0.051907,0.077437,0.058076,0.210441,0.096577,0.125876,0.029903,0.057647,4.9076,8.2983,-0.1246,1.327,0.1037,77.575,5.3589,0.994,0.0813,5.475,2.4576,0.317,200,30,60
238,random_066_a=1.5,0.129676,0.014877,0.09072,0.110679,0.025478,0.151831,0.096883,0.053779,0.013983,0.24099,0.071104,5.339,10.721,-0.178,1.3692,0.1221,76.86,6.2935,1.0055,0.0809,5.715,2.3689,0.456,200,30,60
239,random_067_a=1.5,0.015251,0.039363,0.125245,0.104714,0.025509,0.207975,0.014958,0.241824,0.10085,0.057968,0.066343,5.5204,6.7878,-0.1545,1.1952,0.0741,108.555,5.5062,0.9902,0.0671,3.825,1.7663,0.0673,200,30,60
240,random_068_a=1.5,0.065923,0.096809,0.005651,0.027509,0.064032,0.155266,0.150728,0.203278,0.145191,0.025227,0.060387,5.5428,7.3111,-0.611,1.276,0.0999,100.71,6.5198,1.0068,0.0719,4.785,2.0567,0.2595,200,30,60
241,random_069_a=1.5,0.191006,0.176712,0.066112,0.123859,0.050702,0.012617,0.071794,0.067767,0.04824,0.127189,0.064002,4.0222,12.1996,0.3935,1.5247,0.1427,31.7,3.6188,1.0363,0.0804,7.61,3.3875,0.5489,200,30,60
242,random_070_a=1.5,0.0718,0.095597,0.267748,0.046415,0.130782,0.062471,0.065661,0.04701,0.057787,0.041096,0.113633,4.2973,9.8291,0.5542,1.3143,0.0964,59.19,4.1242,0.9926,0.0806,5.315,2.465,0.2619,200,30,60
243,random_071_a=1.5,0.039473,0.013075,0.049017,0.043689,0.048989,0.073905,0.04918,0.072918,0.04934,0.12081,0.439604,7.4912,9.3627,-0.9871,1.1988,0.0889,152.785,7.9185,0.9832,0.0773,3.83,2.1504,0.1807,200,30,60
244,random_072_a=1.5,0.111346,0.056499,0.002088,0.370854,0.116884,0.079363,0.002447,0.083359,0.10404,0.054366,0.018755,4.1449,7.1866,0.399,1.3138,0.098,63.25,4.4425,0.9992,0.0765,5.615,2.455,0.4081,200,30,60
245,random_073_a=1.5,0.012081,0.265785,0.071811,0.038475,0.068003,0.063837,0.01123,0.138502,0.054827,0.072702,0.202746,5.2733,12.6387,0.0306,1.361,0.1001,70.46,5.7317,1.0116,0.0815,5.645,2.2968,0.0375,200,30,60
246,random_074_a=1.5,0.015544,0.032484,0.09729,0.153008,0.039035,0.041465,0.125516,0.362102,0.078639,0.032368,0.022549,5.4833,5.5648,-0.4614,1.1888,0.0718,112.385,5.8427,0.9831,0.0767,3.595,1.6012,0.075,200,30,60
247,random_075_a=1.5,0.040125,0.091993,0.299384,0.033986,0.049136,0.163629,0.059839,0.055568,0.140612,0.050186,0.015543,4.2874,7.5859,0.322,1.2883,0.0905,66.695,4.304,0.9935,0.0773,5.12,2.2741,0.1537,200,30,60
248,random_076_a=1.5,0.2144,0.010873,0.187138,0.081996,0.061668,0.060112,0.071785,0.053142,0.121265,0.055066,0.082556,4.2723,11.3991,0.2499,1.4993,0.1405,40.31,4.8942,1.0237,0.0795,7.495,3.1718,0.6402,200,30,60
249,random_077_a=1.5,0.0045,0.074857,0.047493,0.160939,0.058582,0.142764,0.129856,0.13281,0.060633,0.079429,0.108136,5.5909,7.2719,0.0179,1.1905,0.0717,110.22,4.6378,0.9908,0.0669,3.575,1.7692,0.0169,200,30,60
250,random_078_a=1.5,0.096591,0.069444,0.033552,0.090043,0.013872,0.025034,0.155609,0.109614,0.156897,0.043359,0.205986,5.9935,11.0643,-0.4979,1.3273,0.1091,95.115,7.0847,1.0091,0.0749,5.29,2.294,0.3387,200,30,60
251,random_079_a=1.5,0.015709,0.025123,0.194476,0.098353,0.150925,0.105315,0.048192,0.021478,0.007059,0.322821,0.010549,5.3463,8.5959,0.1452,1.2203,0.0799,97.435,4.6296,0.9825,0.0774,3.835,1.6769,0.0688,200,30,60
