dist_id,dist_label,p0,p1,p2,p3,p4,p5,p6,p7,p8,p9,p10,dist_mean,dist_var,dist_skew,mean_tortuosity,std_tortuosity,mean_resistance,std_resistance,mean_fractal_dim,std_fractal_dim,mean_lateral_dev,std_lateral_dev,mean_zero_cost_ratio,n_runs,grid_H,grid_W,family,dijk_mean_resistance,dijk_std_resistance,dijk_mean_tortuosity,dijk_std_tortuosity,dijk_mean_lateral,dijk_mean_time_ms,greedy_mean_resistance,greedy_std_resistance,greedy_mean_tortuosity,greedy_std_tortuosity,greedy_mean_lateral,greedy_mean_time_ms,tau_gap,res_gap,efficiency,dijk_time_ms,greedy_time_ms,speedup
24,bimodal_p0=0.600,0.6,0.0,0.0,0.0,0.0,0.0,0.0,0.0,0.0,0.0,0.4,4.0,24.0,0.4082,1.2747,0.0467,0.0,0.0,0.9857,0.0566,6.355,2.4141,1.0,200,50,100,bimodal,0.0,0.0,1.3465,0.008904252595569952,35.666666666666664,15890.90700833282,348.0,177.4501942195934,1.1245,0.6127974496403474,61.666666666666664,7757.407588864832,-0.22199999999999998,348.0,0.0,15890.90700833282,7757.407588864832,2.048481638523546
13,bimodal_p0=0.325,0.325,0.0,0.0,0.0,0.0,0.0,0.0,0.0,0.0,0.0,0.675,6.75,21.9375,-0.7473,1.5416,0.1472,106.95,13.4947,0.9971,0.0564,12.02,4.9306,0.8579,200,50,100,bimodal,942.0,21.111946516469903,1.5940000000000003,0.07249261046085023,51.266666666666666,11929.471872199792,1052.6666666666667,939.6919454698717,0.8069999999999999,0.7138534763621214,27.866666666666667,7746.868599997833,-0.7870000000000004,110.66666666666674,0.8948701709943001,11929.471872199792,7746.868599997833,1.539908895860597
8,bimodal_p0=0.200,0.2,0.0,0.0,0.0,0.0,0.0,0.0,0.0,0.0,0.0,0.8,8.0,16.0,-1.5,1.3205,0.0989,226.5,13.6999,0.9841,0.0538,8.09,3.7567,0.6495,200,50,100,bimodal,1920.6666666666667,29.14659173083209,1.3691666666666669,0.03952470595655811,39.6,10826.608413935173,2139.3333333333335,1054.8220341884805,1.0236666666666667,0.5051492589418733,22.0,7733.24721113313,-0.34550000000000014,218.66666666666674,0.8977874727329386,10826.608413935173,7733.24721113313,1.4000080584969148
25,bimodal_p0=0.625,0.625,0.0,0.0,0.0,0.0,0.0,0.0,0.0,0.0,0.0,0.375,3.75,23.4375,0.5164,1.2385,0.0384,0.0,0.0,0.9742,0.0612,5.615,2.1021,1.0,200,50,100,bimodal,0.0,0.0,1.2936666666666667,0.009154754164341288,24.6,11062.504908333842,343.3333333333333,130.8579746282569,1.3250000000000002,0.4677940251862992,76.53333333333333,7685.922372201458,0.031333333333333435,343.3333333333333,0.0,11062.504908333842,7685.922372201458,1.4393204058819082
4,bimodal_p0=0.100,0.1,0.0,0.0,0.0,0.0,0.0,0.0,0.0,0.0,0.0,0.9,9.0,9.0,-2.6667,1.1513,0.0623,334.9,13.487,0.9615,0.0457,4.7,2.3575,0.406,200,50,100,bimodal,2861.3333333333335,17.674302033770736,1.1844999999999999,0.023777240017654296,26.8,10711.265852802899,3388.0,861.0060560596705,1.1544999999999999,0.29157546193052664,12.666666666666666,7677.546186135926,-0.030000000000000027,526.6666666666665,0.8445493900039355,10711.265852802899,7677.546186135926,1.3951418321839923
40,bimodal_p0=1.000,1.0,0.0,0.0,0.0,0.0,0.0,0.0,0.0,0.0,0.0,0.0,0.0,0.0,0.0,1.0,0.0,0.0,0.0,0.9453,0.0,0.0,0.0,1.0,200,50,100,bimodal,0.0,0.0,0.9975000000000003,2.298380017448157e-16,0.0,11868.447172265345,0.0,0.0,0.9975000000000003,2.298380017448157e-16,0.0,7744.507697197453,0.0,0.0,1.0,11868.447172265345,7744.507697197453,1.5324985959482285
19,bimodal_p0=0.475,0.475,0.0,0.0,0.0,0.0,0.0,0.0,0.0,0.0,0.0,0.525,5.25,24.9375,-0.1001,1.8435,0.2894,9.45,6.9599,1.0267,0.0562,18.035,8.5216,0.9894,200,50,100,bimodal,66.0,14.040757000349274,2.3066666666666666,0.26552788841063296,104.93333333333334,10630.344661135072,466.6666666666667,439.9621195815234,0.6834999999999999,0.6460697109666816,34.666666666666664,7666.5736583333155,-1.6231666666666666,400.6666666666667,0.14142857142857143,10630.344661135072,7666.5736583333155,1.3865835162987359
39,bimodal_p0=0.975,0.975,0.0,0.0,0.0,0.0,0.0,0.0,0.0,0.0,0.0,0.025,0.25,2.4375,6.0849,1.0023,0.0064,0.0,0.0,0.9465,0.0034,0.115,0.3198,1.0,200,50,100,bimodal,0.0,0.0,1.0034999999999996,0.0022756474745819506,2.0,10931.57941113459,0.0,0.0,1.0221666666666664,0.008444496658151033,9.6,7767.615200000971,0.01866666666666683,0.0,1.0,10931.57941113459,7767.615200000971,1.4073276198250944
60,uniform_2to3,0.0,0.0,0.5,0.5,0.0,0.0,0.0,0.0,0.0,0.0,0.0,2.5,0.25,0.0,1.0196,0.0178,112.74,1.4501,0.9475,0.02,0.915,0.8314,0.0,200,50,100,uniform,942.2666666666667,2.3441924185608345,1.0279999999999998,0.004836616290637219,6.666666666666667,10896.074366666533,998.8666666666667,8.927218945183213,0.9975000000000003,2.298380017448157e-16,0.0,7710.146322202248,-0.030499999999999527,56.60000000000002,0.9433357805512914,10896.074366666533,7710.146322202248,1.4132123971875918
90,uniform_7to8,0.0,0.0,0.0,0.0,0.0,0.0,0.0,0.5,0.5,0.0,0.0,7.5,0.25,0.0,1.0,0.0,358.825,1.3578,0.9453,0.0,0.0,0.0,0.0,200,50,100,uniform,2957.6,3.9424430424366497,0.9996666666666667,0.0022886885410852687,0.6666666666666666,12259.339305533407,2992.266666666667,12.73054070598208,0.9975000000000003,2.298380017448157e-16,0.0,7740.242988864581,-0.002166666666666428,34.66666666666697,0.9884145798057213,12259.339305533407,7740.242988864581,1.5838442440592855
89,uniform_6to10,0.0,0.0,0.0,0.0,0.0,0.0,0.2,0.2,0.2,0.2,0.2,8.0,2.0,0.0,1.0169,0.015,365.215,3.6033,0.9457,0.0236,0.775,0.6758,0.0,200,50,100,uniform,3040.5333333333333,6.501281924871945,1.0273333333333334,0.008580847998942327,6.4,12232.657916665386,4178.6,80.12204975624911,1.4733333333333334,0.022354023820162234,37.0,7735.116600000765,0.44599999999999995,1138.066666666667,0.7276440275052249,12232.657916665386,7735.116600000765,1.5814445404306092
53,uniform_1to4,0.0,0.25,0.25,0.25,0.25,0.0,0.0,0.0,0.0,0.0,0.0,2.5,1.25,0.0,1.1598,0.0482,90.045,2.7092,0.9518,0.0591,4.725,2.0074,0.0,200,50,100,uniform,761.0666666666667,5.824414951204072,1.1846666666666665,0.017187689392895906,24.4,10853.236633333532,1020.6,31.340981842583407,1.366666666666667,0.033669436472577786,32.53333333333333,7641.317283331106,0.18200000000000038,259.5333333333333,0.7457051407668692,10853.236633333532,7641.317283331106,1.420335817884301
85,uniform_5to10,0.0,0.0,0.0,0.0,0.0,0.166667,0.166667,0.166667,0.166667,0.166667,0.166667,7.5,2.9167,-0.0,1.034,0.0216,332.815,3.8581,0.9476,0.0295,1.435,0.9328,0.0,200,50,100,uniform,2776.133333333333,6.266312046703919,1.0473333333333334,0.010834249045547733,9.333333333333334,10656.857608332453,4032.6,126.08772456394907,1.583,0.050569965676984886,33.86666666666667,7714.243669466426,0.5356666666666665,1256.4666666666667,0.6884226884226884,10656.857608332453,7714.243669466426,1.3814520340487975
46,uniform_0to6,0.142857,0.142857,0.142857,0.142857,0.142857,0.142857,0.142857,0.0,0.0,0.0,0.0,3.0,4.0,-0.0,1.4163,0.1048,68.075,3.759,1.0006,0.058,9.02,3.8068,0.4685,200,50,100,uniform,588.9333333333333,7.62014872995709,1.4913333333333332,0.04530518208560166,40.13333333333333,11095.972347197434,1065.0,53.50300392100829,1.6251666666666664,0.039837467408506376,36.13333333333333,7684.988716663793,0.13383333333333325,476.0666666666667,0.5529890453834115,11095.972347197434,7684.988716663793,1.4438501806954398
58,uniform_1to9,0.0,0.111111,0.111111,0.111111,0.111111,0.111111,0.111111,0.111111,0.111111,0.111111,0.0,5.0,6.6667,0.0,1.2352,0.0663,160.865,5.6254,0.9699,0.06,6.06,2.4733,0.0,200,50,100,uniform,1369.8,10.434831780422446,1.2626666666666666,0.01699439683570805,27.466666666666665,10930.980808334425,2268.3333333333335,59.830315615636415,1.7676666666666667,0.05600914041050626,39.46666666666667,7723.773080533525,0.5050000000000001,898.5333333333335,0.6038795003673769,10930.980808334425,7723.773080533525,1.415238471451748
93,uniform_8to9,0.0,0.0,0.0,0.0,0.0,0.0,0.0,0.0,0.5,0.5,0.0,8.5,0.25,0.0,1.0,0.0,407.92,1.3501,0.9453,0.0,0.0,0.0,0.0,200,50,100,uniform,3358.6,3.1802964821358577,0.9988333333333335,0.001599851183555427,0.5333333333333333,12208.844188934503,3394.5333333333333,7.567474259399014,0.9975000000000003,2.298380017448157e-16,0.0,7690.890466666315,-0.0013333333333331865,35.933333333333394,0.9894143524883146,12208.844188934503,7690.890466666315,1.587442213856744
95,obstacles_p10=0.000,0.1,0.1,0.1,0.1,0.1,0.1,0.1,0.1,0.1,0.1,0.0,4.5,8.25,-0.0,1.3929,0.0999,110.665,5.7207,0.9948,0.061,9.03,3.6436,0.3486,200,50,100,obstacles,956.3333333333334,9.332482954457408,1.4178333333333335,0.03589253138918752,29.4,11041.048294398934,1561.0666666666666,530.5715875579934,1.5971666666666666,0.5356961981073477,39.8,7722.332327797388,0.17933333333333312,604.7333333333332,0.6126153057738299,11041.048294398934,7722.332327797388,1.4297556522730137
112,obstacles_p10=0.850,0.015,0.015,0.015,0.015,0.015,0.015,0.015,0.015,0.015,0.015,0.85,9.175,5.0944,-2.8008,1.0926,0.043,382.995,8.5845,0.9499,0.0488,3.085,1.7007,0.0819,200,50,100,obstacles,3225.133333333333,24.29834405488415,1.1179999999999999,0.01424279266355945,18.333333333333332,10632.433141663205,4036.2,259.2081899058857,1.271,0.08317258305131908,20.466666666666665,7675.476650001171,0.15300000000000002,811.0666666666666,0.7990519135160135,10632.433141663205,7675.476650001171,1.385247278637944
110,obstacles_p10=0.750,0.025,0.025,0.025,0.025,0.025,0.025,0.025,0.025,0.025,0.025,0.75,8.625,7.7344,-1.9117,1.1585,0.055,332.705,9.9176,0.9659,0.0521,4.685,2.1655,0.1237,200,50,100,obstacles,2809.4666666666667,21.433840622005285,1.1806666666666668,0.033653521714814984,21.133333333333333,10693.335949998193,3643.266666666667,1066.60124204119,1.3461666666666665,0.4001114428089588,29.0,7605.355225002859,0.16549999999999976,833.8000000000002,0.7711394536039086,10693.335949998193,7605.355225002859,1.4060271523996004
96,obstacles_p10=0.050,0.095,0.095,0.095,0.095,0.095,0.095,0.095,0.095,0.095,0.095,0.05,4.775,9.2744,0.0229,1.3856,0.0952,118.315,6.7113,0.9912,0.0588,9.12,3.7638,0.337,200,50,100,obstacles,1015.6666666666666,16.438920136009397,1.4193333333333333,0.04790677951824277,39.86666666666667,11083.399630531978,1629.0666666666666,531.9227208461591,1.5538333333333334,0.5195687314173811,41.4,7659.579088934697,0.13450000000000006,613.4,0.6234653789490915,11083.399630531978,7659.579088934697,1.4469985232665663
103,obstacles_p10=0.400,0.06,0.06,0.06,0.06,0.06,0.06,0.06,0.06,0.06,0.06,0.4,6.7,12.21,-0.5786,1.3198,0.0796,196.67,8.9556,0.9835,0.0636,7.55,2.9241,0.2321,200,50,100,obstacles,1684.1333333333334,16.995237428117772,1.3533333333333333,0.04223305521011891,39.733333333333334,10958.727244400263,1983.3333333333333,1187.617041851134,1.1954999999999998,0.7101220971474855,27.866666666666667,7649.993472200974,-0.1578333333333335,299.1999999999998,0.8491428571428572,10958.727244400263,7649.993472200974,1.4325145876558945
100,obstacles_p10=0.250,0.075,0.075,0.075,0.075,0.075,0.075,0.075,0.075,0.075,0.075,0.25,5.875,11.8594,-0.243,1.3517,0.086,156.67,7.8996,0.9857,0.0676,7.795,3.431,0.2688,200,50,100,obstacles,1347.1333333333334,10.322421273731322,1.395,0.02997022331772463,39.0,10853.078288864344,1510.8,967.0878376415897,1.118,0.7245436987708688,27.066666666666666,7643.318486132193,-0.2769999999999999,163.66666666666652,0.8916688730032655,10853.078288864344,7643.318486132193,1.4199432234252494
106,obstacles_p10=0.550,0.045,0.045,0.045,0.045,0.045,0.045,0.045,0.045,0.045,0.045,0.55,7.525,11.1994,-1.0088,1.255,0.0706,247.2,9.1931,0.9753,0.0551,6.505,2.6731,0.1818,200,50,100,obstacles,2117.0,20.188398365680932,1.2786666666666668,0.03832272109833735,36.86666666666667,10937.700494468058,2812.6666666666665,1020.5214820071625,1.3665,0.4807507150280694,30.933333333333334,7670.883558333541,0.08783333333333321,695.6666666666665,0.7526665086513392,10937.700494468058,7670.883558333541,1.425872314615634
98,obstacles_p10=0.150,0.085,0.085,0.085,0.085,0.085,0.085,0.085,0.085,0.085,0.085,0.15,5.325,10.8694,-0.07,1.3707,0.0812,134.635,7.5536,1.0018,0.0583,7.925,3.0996,0.3061,200,50,100,obstacles,1162.2,10.373041983911952,1.4328333333333334,0.045196660222167916,36.733333333333334,11144.813722267281,1710.6,743.68549420149,1.4483333333333335,0.6249333297773985,41.6,7632.67773053376,0.01550000000000007,548.3999999999999,0.6794107330761137,11144.813722267281,7632.67773053376,1.4601446721225468
115,low_res_p0=0.000,0.0,0.1,0.1,0.1,0.1,0.1,0.1,0.1,0.1,0.1,0.1,5.5,8.25,-0.0,1.244,0.0652,174.51,6.1864,0.9703,0.058,6.115,2.6222,0.0,200,50,100,low_resistance,1489.8,13.491796449271366,1.2560000000000002,0.0197484176581315,25.133333333333333,10989.811908333406,2193.5333333333333,718.2304511452999,1.5699999999999998,0.521938351586797,42.6,7646.174238866661,0.3139999999999996,703.7333333333333,0.6791781904385619,10989.811908333406,7646.174238866661,1.4372955108020595
132,low_res_p0=0.850,0.85,0.015,0.015,0.015,0.015,0.015,0.015,0.015,0.015,0.015,0.015,0.825,5.0944,2.8008,1.0405,0.0171,0.0,0.0,0.9515,0.0337,1.495,0.6873,1.0,200,50,100,low_resistance,0.0,0.0,1.0684999999999998,0.004309458036856679,9.4,10473.952908332769,13.6,3.5415896350166185,1.1033333333333333,0.18996396901467796,42.8,7697.195630532224,0.034833333333333494,13.6,0.0,10473.952908332769,7697.195630532224,1.3607492145302984
130,low_res_p0=0.750,0.75,0.025,0.025,0.025,0.025,0.025,0.025,0.025,0.025,0.025,0.025,1.375,7.7344,1.9117,1.1053,0.0227,0.0,0.0,0.9623,0.0531,2.93,1.201,1.0,200,50,100,low_resistance,0.0,0.0,1.1408333333333334,0.003971625551812459,14.333333333333334,10762.713816668838,62.13333333333333,15.656430293135454,1.2331666666666665,0.19747844969828504,59.46666666666667,7722.214658333299,0.09233333333333316,62.13333333333333,0.0,10762.713816668838,7722.214658333299,1.3937340896182464
116,low_res_p0=0.050,0.05,0.095,0.095,0.095,0.095,0.095,0.095,0.095,0.095,0.095,0.095,5.225,9.2744,-0.0229,1.3129,0.0884,146.85,6.6633,0.9828,0.0663,7.225,3.2212,0.1873,200,50,100,low_resistance,1256.5333333333333,13.092346000985607,1.3571666666666669,0.02831371870077591,31.866666666666667,11208.285416666573,1973.6666666666667,664.4109815324791,1.6290000000000002,0.5420124537314618,44.0,7674.254269467201,0.27183333333333337,717.1333333333334,0.6366492146596858,11208.285416666573,7674.254269467201,1.4605048286267857
123,low_res_p0=0.400,0.4,0.06,0.06,0.06,0.06,0.06,0.06,0.06,0.06,0.06,0.06,3.3,12.21,0.5786,1.8802,0.242,10.125,2.6918,1.0387,0.0584,17.225,7.7007,0.9236,200,50,100,low_resistance,94.86666666666666,5.194319241339753,2.1251666666666664,0.13539448536283397,86.4,11758.183050000418,635.4666666666667,93.81125935063648,1.6676666666666666,0.2306386061930367,53.4,7717.8436416666955,-0.4574999999999998,540.6,0.14928661351237935,11758.183050000418,7717.8436416666955,1.5235062532908734
120,low_res_p0=0.250,0.25,0.075,0.075,0.075,0.075,0.075,0.075,0.075,0.075,0.075,0.075,4.125,11.8594,0.243,1.6457,0.151,53.385,5.4225,1.028,0.0576,12.455,5.2455,0.698,200,50,100,low_resistance,468.4,8.958635100122276,1.7313333333333334,0.058430870836114264,64.0,11518.753966665827,1125.5333333333333,366.50781840553003,1.6598333333333335,0.5402111580096206,59.4,7685.737333330326,-0.0714999999999999,657.1333333333333,0.4161582657110703,11518.753966665827,7685.737333330326,1.4987181407713561
126,low_res_p0=0.550,0.55,0.045,0.045,0.045,0.045,0.045,0.045,0.045,0.045,0.045,0.045,2.475,11.1994,1.0088,1.4027,0.0754,0.0,0.0,0.9997,0.0629,8.715,3.4675,1.0,200,50,100,low_resistance,0.0,0.0,1.496,0.016278820596099693,46.86666666666667,11074.368769399976,278.53333333333336,71.14057177434655,1.4603333333333335,0.32331688716151147,83.46666666666667,7728.740680532064,-0.03566666666666651,278.53333333333336,0.0,11074.368769399976,7728.740680532064,1.4328814003677492
118,low_res_p0=0.150,0.15,0.085,0.085,0.085,0.085,0.085,0.085,0.085,0.085,0.085,0.085,4.675,10.8694,0.07,1.4696,0.1149,95.92,6.6366,0.9974,0.0636,9.93,3.9653,0.4723,200,50,100,low_resistance,828.2,11.929555134802206,1.5289999999999997,0.044378646731443774,39.266666666666666,11342.199525000373,1588.2,476.8823155214951,1.7158333333333333,0.5079305586209126,42.666666666666664,7692.346430531083,0.18683333333333363,760.0,0.5214708475003148,11342.199525000373,7692.346430531083,1.4744785128219067
135,exponential_lam=-0.80,0.550754,0.24747,0.111195,0.049963,0.02245,0.010087,0.004533,0.002037,0.000915,0.000411,0.000185,0.8143,1.4635,2.0893,1.3963,0.0729,0.0,0.0,0.9976,0.0578,8.595,3.2641,1.0,200,50,100,exponential,0.0,0.0,1.496,0.01641536736458507,46.333333333333336,10946.299161133356,156.8,8.603985787329696,1.2125,0.022480149974080293,37.86666666666667,7665.954558334003,-0.2835000000000001,156.8,0.0,10946.299161133356,7665.954558334003,1.4279107810824607
136,exponential_lam=-0.70,0.503643,0.250102,0.124197,0.061674,0.030627,0.015209,0.007552,0.00375,0.001862,0.000925,0.000459,0.9815,1.9046,1.9864,1.7181,0.3188,0.125,0.3464,1.022,0.0585,15.415,8.6223,0.9984,200,50,100,exponential,0.0,0.0,1.9796666666666667,0.1692363801933626,73.46666666666667,9626.389736135025,190.13333333333333,8.919214144328016,1.2438333333333336,0.034832080177959655,40.8,7749.842141669555,-0.7358333333333331,190.13333333333333,0.0,9626.389736135025,7749.842141669555,1.2421401055868737
140,exponential_lam=-0.30,0.269107,0.19936,0.147689,0.109411,0.081054,0.060046,0.044483,0.032954,0.024413,0.018085,0.013398,2.437,6.2169,1.1028,1.6019,0.1424,25.96,2.6464,1.0172,0.0578,12.5,5.5583,0.7393,200,50,100,exponential,227.86666666666667,3.9976183385801582,1.7081666666666666,0.06604561915467072,65.86666666666666,11526.124727799714,600.0666666666667,36.59325985296563,1.5956666666666666,0.04553713816634675,54.666666666666664,7654.883341665845,-0.11250000000000004,372.20000000000005,0.3797355849350072,11526.124727799714,7654.883341665845,1.5057218004959712
150,exponential_lam=+0.70,0.000459,0.000925,0.001862,0.00375,0.007552,0.015209,0.030627,0.061674,0.124197,0.250102,0.503643,9.0185,1.9046,-1.9864,1.0221,0.0186,411.87,5.2259,0.9457,0.0241,0.99,0.8387,0.003,200,50,100,exponential,3439.3333333333335,7.898161329129228,1.0321666666666665,0.009859126784476474,7.466666666666667,10739.075522198498,4439.533333333334,108.39073936897182,1.3509999999999995,0.041606146523938375,22.6,7648.812819466305,0.3188333333333331,1000.2000000000003,0.7747060501854549,10739.075522198498,7648.812819466305,1.4040186072886296
146,exponential_lam=+0.30,0.013398,0.018085,0.024413,0.032954,0.044483,0.060046,0.081054,0.109411,0.147689,0.19936,0.269107,7.563,6.2169,-1.1028,1.1357,0.053,296.355,8.8066,0.9604,0.0489,4.31,2.0725,0.0702,200,50,100,exponential,2505.133333333333,16.42240049734624,1.1651666666666667,0.030843305980545,20.533333333333335,10830.856763866419,3100.266666666667,1371.0377960126548,1.338,0.5951186856417802,31.866666666666667,7669.322877800247,0.1728333333333334,595.1333333333337,0.8080380182349904,10830.856763866419,7669.322877800247,1.4122311625733743
149,exponential_lam=+0.60,0.00112,0.002041,0.003718,0.006775,0.012345,0.022494,0.040987,0.074683,0.13608,0.247955,0.451803,8.7986,2.5309,-1.8463,1.0363,0.0242,394.275,5.9453,0.9493,0.0308,1.525,1.0511,0.0092,200,50,100,exponential,3305.6,11.51892852159932,1.0494999999999999,0.008772929141072893,9.733333333333333,10672.662530598851,4433.333333333333,93.27047202829496,1.4238333333333335,0.0382644308289914,23.0,7670.715586065004,0.37433333333333363,1127.7333333333331,0.745624060150376,10672.662530598851,7670.715586065004,1.3913516165281021
143,exponential_lam=-0.00,0.090909,0.090909,0.090909,0.090909,0.090909,0.090909,0.090909,0.090909,0.090909,0.090909,0.090909,5.0,10.0,0.0,1.3868,0.0841,125.07,6.4376,0.9858,0.0593,8.54,3.4711,0.3206,200,50,100,exponential,1069.9333333333334,12.526923386203395,1.4241666666666668,0.03570297439923432,36.4,11127.216336131096,1779.3333333333333,718.8244040163938,1.6156666666666666,0.6416652906602438,36.93333333333333,7655.267500000386,0.19149999999999978,709.3999999999999,0.6013113525665044,11127.216336131096,7655.267500000386,1.4535372325174183
148,exponential_lam=+0.50,0.002662,0.004389,0.007236,0.011931,0.01967,0.03243,0.053469,0.088155,0.145343,0.239631,0.395084,8.5036,3.4191,-1.6555,1.0563,0.0325,371.14,7.0874,0.9504,0.0368,2.08,1.2087,0.0212,200,50,100,exponential,3110.4666666666667,11.344392363420711,1.074,0.014008925726121902,13.4,10578.017988866972,4144.933333333333,528.7826270469433,1.4201666666666668,0.17733761854829602,32.53333333333333,7747.242705601578,0.34616666666666673,1034.4666666666667,0.7504262231801074,10578.017988866972,7747.242705601578,1.365391325770474
152,fixed_mean_f=0.00,0.090909,0.090909,0.090909,0.090909,0.090909,0.090909,0.090909,0.090909,0.090909,0.090909,0.090909,5.0,10.0,0.0,1.3861,0.0933,124.665,6.726,0.9872,0.0554,9.08,3.6373,0.3188,200,50,100,fixed_mean,1072.0666666666666,9.647106647418527,1.4371666666666665,0.035580224577036905,39.46666666666667,11207.961533331156,1852.8666666666666,549.2731387500949,1.6553333333333333,0.47962491545353386,39.53333333333333,7723.658099999496,0.21816666666666684,780.8,0.5785989277875724,11207.961533331156,7723.658099999496,1.4511208792802321
169,fixed_mean_f=0.85,0.013636,0.013636,0.013636,0.013636,0.013636,0.863636,0.013636,0.013636,0.013636,0.013636,0.013636,5.0,1.5,-0.0,1.0578,0.0344,215.935,3.9963,0.9502,0.0348,2.16,1.3615,0.0864,200,50,100,fixed_mean,1815.9333333333334,11.29770309567813,1.0775000000000001,0.016447969913813507,13.2,10596.227136064164,2087.866666666667,30.56343909843605,1.1651666666666667,0.020668874690035283,23.266666666666666,7690.871152801749,0.08766666666666656,271.9333333333334,0.8697554122230027,10596.227136064164,7690.871152801749,1.377766825830128
167,fixed_mean_f=0.75,0.022727,0.022727,0.022727,0.022727,0.022727,0.772727,0.022727,0.022727,0.022727,0.022727,0.022727,5.0,2.5,-0.0,1.1029,0.0476,203.79,4.9567,0.9622,0.041,3.45,1.8315,0.127,200,50,100,fixed_mean,1716.8666666666666,8.584593065209212,1.1171666666666666,0.01679356452703861,15.6,10653.845850001864,2129.4666666666667,39.99797613927604,1.2725,0.023356705981060658,33.333333333333336,7674.464811132444,0.15533333333333332,412.60000000000014,0.8062425646484253,10653.845850001864,7674.464811132444,1.3882200403795693
153,fixed_mean_f=0.05,0.086364,0.086364,0.086364,0.086364,0.086364,0.136364,0.086364,0.086364,0.086364,0.086364,0.086364,5.0,9.5,0.0,1.3684,0.0885,129.125,6.2349,0.9982,0.0588,8.245,3.6042,0.3125,200,50,100,fixed_mean,1119.0,9.118270512704541,1.4191666666666665,0.034077991780759674,40.333333333333336,11093.311669467948,1700.6,755.7106211091273,1.5013333333333336,0.6474626758869323,48.733333333333334,7693.400911133115,0.08216666666666717,581.5999999999999,0.6580030577443255,11093.311669467948,7693.400911133115,1.4419255928044545
160,fixed_mean_f=0.40,0.054545,0.054545,0.054545,0.054545,0.054545,0.454545,0.054545,0.054545,0.054545,0.054545,0.054545,5.0,6.0,-0.0,1.2352,0.0698,164.685,5.8855,0.9719,0.0561,6.385,2.8807,0.2283,200,50,100,fixed_mean,1395.2666666666667,12.032495683811916,1.2756666666666667,0.03589999336782006,30.8,10854.183144397877,2191.2,75.72525527005034,1.6216666666666668,0.04068242278686857,42.2,7700.490097200964,0.3460000000000001,795.9333333333332,0.6367591578434952,10854.183144397877,7700.490097200964,1.4095444585200159
157,fixed_mean_f=0.25,0.068182,0.068182,0.068182,0.068182,0.068182,0.318182,0.068182,0.068182,0.068182,0.068182,0.068182,5.0,7.5,0.0,1.2983,0.0805,149.285,6.3376,0.9832,0.055,7.07,2.995,0.2678,200,50,100,fixed_mean,1281.6666666666667,8.591246929842246,1.3208333333333335,0.030526140242343753,30.133333333333333,10946.746455602502,1956.5333333333333,597.961401843997,1.5733333333333335,0.47408527211683693,39.06666666666667,7695.200211069702,0.25249999999999995,674.8666666666666,0.655070192176639,10946.746455602502,7695.200211069702,1.4225421243563467
163,fixed_mean_f=0.55,0.040909,0.040909,0.040909,0.040909,0.040909,0.590909,0.040909,0.040909,0.040909,0.040909,0.040909,5.0,4.5,-0.0,1.1838,0.0716,181.635,5.553,0.9692,0.0518,5.38,2.7392,0.188,200,50,100,fixed_mean,1531.0666666666666,11.689229882164831,1.1985,0.023141644589045822,22.6,11011.272691667546,2217.4,61.848663226113,1.4873333333333332,0.048563899976756156,40.333333333333336,7667.260594464218,0.2888333333333333,686.3333333333335,0.6904783379934457,11011.272691667546,7667.260594464218,1.4361417035463373
155,fixed_mean_f=0.15,0.077273,0.077273,0.077273,0.077273,0.077273,0.227273,0.077273,0.077273,0.077273,0.077273,0.077273,5.0,8.5,-0.0,1.335,0.0824,139.545,6.4151,0.9869,0.0572,7.935,3.5132,0.294,200,50,100,fixed_mean,1191.0666666666666,14.640778017317963,1.3631666666666662,0.025115210720274846,35.6,11029.697941666624,2074.0666666666666,470.05766616853464,1.7429999999999997,0.3796887823317558,44.86666666666667,7695.315147199048,0.37983333333333347,883.0,0.5742663366654881,11029.697941666624,7695.315147199048,1.4333003562149407
202,random_030_a=0.5,0.003626,0.003059,1.4e-05,0.000157,0.052865,0.198544,0.004242,0.201152,0.317907,0.060754,0.157679,7.3081,3.45,-0.4827,1.06,0.0316,314.565,5.3628,0.9501,0.0395,2.135,1.2183,0.0257,200,50,100,random,2639.5333333333333,10.635967728599478,1.0765,0.011907380664349066,14.933333333333334,10717.742705535298,3941.733333333333,134.90550484726424,1.6256666666666668,0.058182798963594844,48.6,7654.59591386995,0.5491666666666668,1302.1999999999998,0.6696377228292122,10717.742705535298,7654.59591386995,1.4001709334015917
172,random_000_a=0.5,0.086932,0.138346,0.000958,0.081669,0.001774,0.014857,0.048456,0.033621,0.115192,0.080481,0.397712,6.6157,14.5635,-0.6643,1.4178,0.1013,166.97,10.0266,0.9923,0.0559,9.46,3.7735,0.2982,200,50,100,random,1427.5333333333333,14.406678345558387,1.4461666666666666,0.028408164487059184,35.666666666666664,11044.348902802449,1692.4,1036.190950411306,1.0898333333333332,0.6715689696169568,34.53333333333333,7689.000294400224,-0.3563333333333334,264.8666666666668,0.8434964153470416,11044.348902802449,7689.000294400224,1.4363829470582634
194,random_022_a=0.5,0.014352,0.105586,0.121189,0.000816,0.070794,0.283992,0.189447,0.0616,0.085786,0.02804,0.038396,4.944,5.8263,-0.0946,1.2372,0.0678,163.16,6.2167,0.9739,0.0563,6.175,2.7279,0.0628,200,50,100,random,1385.4666666666667,10.973127348642404,1.2666666666666668,0.03856426300284217,30.266666666666666,10914.378625003155,2073.3333333333335,349.17324121552093,1.5686666666666667,0.26867543262315235,36.06666666666667,7618.391341669485,0.3019999999999998,687.8666666666668,0.6682315112540193,10914.378625003155,7618.391341669485,1.4326355966128923
203,random_031_a=0.5,0.190925,0.009775,0.021069,0.000186,7.6e-05,0.133398,0.141869,0.330032,0.003317,0.115603,0.053751,5.4857,9.5694,-0.7476,1.3977,0.1049,139.13,8.9965,0.9953,0.058,8.995,4.0443,0.6305,200,50,100,random,1203.0666666666666,14.800900873482892,1.4713333333333336,0.04377159331064359,39.6,11021.072466667587,1928.6666666666667,732.6817343222934,1.4455,0.5499165521110583,40.86666666666667,7645.641688866695,-0.025833333333333597,725.6000000000001,0.6237815416522641,11021.072466667587,7645.641688866695,1.4414843011432343
190,random_018_a=0.5,0.013934,0.015659,0.097753,0.202063,0.009792,0.042214,0.265018,0.120167,0.008359,0.043161,0.181881,5.773,7.7577,0.0689,1.2033,0.0588,197.275,6.4613,0.9689,0.0568,5.58,2.6398,0.0635,200,50,100,random,1682.1333333333334,9.030635689273538,1.2335,0.027851647809677037,24.6,10896.249172200138,2385.866666666667,782.1905017017152,1.5676666666666668,0.5115910639042346,40.733333333333334,7751.185566664208,0.3341666666666667,703.7333333333333,0.705040795797474,10896.249172200138,7751.185566664208,1.4057525882314073
200,random_028_a=0.5,0.223997,0.048878,0.252376,0.219046,0.118479,0.066905,0.000327,0.000429,0.001092,0.06781,0.00066,2.6498,5.2379,1.2141,1.4835,0.1157,47.41,3.4396,1.0046,0.0601,9.87,3.8792,0.6788,200,50,100,random,407.8,5.9425824112321495,1.5633333333333332,0.06598610964943054,47.13333333333333,11220.838686133113,821.5333333333333,38.49836112776503,1.6048333333333333,0.0377901473680011,48.266666666666666,7655.966861064856,0.04150000000000009,413.7333333333333,0.49638886634748036,11220.838686133113,7655.966861064856,1.4656331316163018
182,random_010_a=0.5,0.080262,0.079311,0.029315,0.097128,0.043135,0.011727,0.209953,0.000928,0.004474,0.020164,0.423603,6.38,13.2332,-0.4062,1.3756,0.1018,171.54,9.1062,0.9902,0.0562,8.605,3.5542,0.2953,200,50,100,random,1480.2,8.291131234207858,1.4088333333333334,0.03011683598128809,39.8,10952.577911134964,1990.0666666666666,987.9772601971498,1.365,0.6892140969456235,34.13333333333333,7712.788233331716,-0.04383333333333339,509.86666666666656,0.7437941777494892,10952.577911134964,7712.788233331716,1.4200542760660948
242,random_070_a=1.5,0.0718,0.095597,0.267748,0.046415,0.130782,0.062471,0.065661,0.04701,0.057787,0.041096,0.113633,4.2973,9.8291,0.5542,1.3507,0.0775,100.68,4.6676,0.9885,0.0619,8.465,3.5456,0.2651,200,50,100,random,865.1333333333333,7.586328555525456,1.3871666666666667,0.026690465570704286,35.666666666666664,11207.202833332121,1534.8,116.31128185053367,1.7508333333333335,0.11678990090063845,48.0,7664.2421722024055,0.3636666666666668,669.6666666666666,0.5636782208322474,11207.202833332121,7664.2421722024055,1.4622714916263673
