p0,p10,tortuosity,resistance
0.7063520482553219,0.29364795174467806,1.15,0
0.8308413874575642,0.1691586125424358,1.07,0
0.41145644876377613,0.5885435512362238,1.67,50
0.5673928626544389,0.4326071373455611,1.39,0
0.6719811648009014,0.3280188351990986,1.21,0
0.7140539532055843,0.2859460467944157,1.12,0
0.48147516442757193,0.5185248355724281,2.4,10
0.5229397424628677,0.4770602575371323,1.48,0
0.7574313018296234,0.24256869817037663,1.12,0
0.5972483028245023,0.40275169717549775,1.27,0
0.8000282508473524,0.1999717491526476,1.08,0
0.8177350189327176,0.1822649810672824,1.07,0
0.21748298588638867,0.7825170141136113,1.33,340
0.4960640314015032,0.5039359685984968,2.22,10
0.4214924585916219,0.5785075414083781,1.76,40
0.2042285186850724,0.7957714813149276,1.7,370
0.8831131116199962,0.11688688838000383,1.03,0
0.7051512928482984,0.29484870715170164,1.16,0
0.6721688362837084,0.3278311637162916,1.19,0
0.6321927283864025,0.3678072716135975,1.29,0
0.16277312221599757,0.8372268777840024,1.27,460
0.36965859848042765,0.6303414015195723,1.47,130
0.7480360664189776,0.2519639335810224,1.12,0
0.8341474213912534,0.16585257860874658,1.06,0
0.2325043043755521,0.7674956956244479,1.49,290
0.4314607743385027,0.5685392256614973,1.49,40
0.3339983410806303,0.6660016589193697,1.75,160
0.22286206376738155,0.7771379362326185,1.47,350
0.7819778576568901,0.2180221423431099,1.08,0
0.39627497976291404,0.603725020237086,2.03,70
0.27827139228086895,0.721728607719131,1.71,250
0.5626422968880188,0.4373577031119812,1.4,0
0.48084225334211994,0.5191577466578801,1.94,10
0.562651033261014,0.43734896673898604,1.38,0
0.4706687999379499,0.52933120006205,2.34,20
0.6451178532042405,0.35488214679575947,1.25,0
0.10360011534752944,0.8963998846524706,1.36,600
0.34714458737046777,0.6528554126295323,1.53,150
0.13697696508649823,0.8630230349135017,1.36,530
0.2775546227097814,0.7224453772902186,1.44,280
0.3675378542192614,0.6324621457807387,1.77,130
0.2477033750805796,0.7522966249194204,1.57,290
0.8264600371045061,0.1735399628954939,1.07,0
0.6932244130659919,0.3067755869340081,1.17,0
0.45752594929060325,0.5424740507093968,2.04,20
0.4577597324402957,0.5422402675597042,1.82,20
0.7749918149768588,0.22500818502314124,1.1,0
0.38432645480062677,0.6156735451993732,1.72,70
0.31874251856880875,0.6812574814311912,1.67,170
0.6765501372023222,0.32344986279767785,1.2,0
0.5893347422893159,0.4106652577106841,1.31,0
0.1820549313657061,0.817945068634294,1.52,420
0.7305994912820473,0.26940050871795274,1.15,0
0.7528968083943677,0.24710319160563232,1.12,0
0.3731404923685145,0.6268595076314856,1.56,110
0.7323233845943955,0.2676766154056045,1.14,0
0.40436102171216737,0.5956389782878326,2.04,80
0.8092703371641916,0.1907296628358084,1.07,0
0.6497880574302091,0.35021194256979093,1.25,0
0.1879372395972422,0.8120627604027578,1.34,450
0.19820766290354666,0.8017923370964534,1.7,400
0.4934034055381294,0.5065965944618707,1.72,10
0.8915781549573072,0.10842184504269281,1.01,0
0.3447882600382568,0.6552117399617432,1.81,170
0.8597062595657511,0.14029374043424891,1.03,0
0.8665158226283034,0.1334841773716966,1.02,0
0.11519767191859742,0.8848023280814026,1.45,610
0.17435945299568223,0.8256405470043178,1.53,440
0.3714081285512828,0.6285918714487172,1.55,110
0.41477685002159737,0.5852231499784026,1.68,60
0.846387865302987,0.15361213469701296,1.06,0
0.3777567176426564,0.6222432823573436,1.8,90
0.8979008629401869,0.1020991370598131,1.02,0
0.20036199041767563,0.7996380095823243,1.5,410
0.7339719413518615,0.2660280586481385,1.11,0
0.4753835766704767,0.5246164233295233,1.82,10
0.1957197207242901,0.8042802792757099,1.35,370
0.5476777014232203,0.45232229857677975,1.46,0
0.7460604979033495,0.2539395020966505,1.11,0
0.11616766771241026,0.8838323322875897,1.26,590
0.33218142823098157,0.6678185717690184,1.69,150
0.3284665647408699,0.6715334352591301,1.65,170
0.3770050838120777,0.6229949161879222,1.86,110
0.3199347379704125,0.6800652620295875,1.61,160
0.6819593729578999,0.3180406270421001,1.19,0
0.8453830423707309,0.15461695762926908,1.04,0
0.7187917976849973,0.28120820231500265,1.16,0
0.24652052339673675,0.7534794766032633,1.68,300
0.4696365215051517,0.5303634784948483,1.65,10
0.1979248491547808,0.8020751508452192,1.52,370
0.4011592437744126,0.5988407562255874,1.48,90
0.4615663931982562,0.5384336068017438,2.05,20
0.34107558574846597,0.658924414251534,1.76,150
0.12635469295064813,0.8736453070493518,1.32,550
0.6451788776094187,0.3548211223905813,1.2,0
0.15440485344864208,0.8455951465513579,1.33,500
0.7811578674488278,0.21884213255117224,1.1,0
0.8227350172005092,0.17726498279949077,1.05,0
0.3833919788883757,0.6166080211116243,1.79,100
0.4997558198863328,0.5002441801136672,1.73,0
0.6155129852543081,0.3844870147456919,1.28,0
0.11595141661844677,0.8840485833815532,1.37,590
0.226092837350636,0.773907162649364,1.53,350
0.21165448783254553,0.7883455121674545,1.32,380
0.4881906784000384,0.5118093215999616,1.68,0
0.6644807011277934,0.33551929887220655,1.21,0
0.5841773255044628,0.4158226744955372,1.4,0
0.16074685050008564,0.8392531494999144,1.43,460
0.5561693031378968,0.4438306968621032,1.37,0
0.41383396680865964,0.5861660331913403,1.82,40
0.7147655053358699,0.2852344946641301,1.16,0
0.10797226416508493,0.8920277358349151,1.16,630
0.5893042482658418,0.4106957517341582,1.25,0
0.4964243010522399,0.5035756989477601,1.95,0
0.6109698068559211,0.38903019314407894,1.28,0
0.7998177312776176,0.20018226872238243,1.08,0
0.4656626421668289,0.5343373578331712,2.14,20
0.7049429109533256,0.2950570890466744,1.15,0
0.4703539458732225,0.5296460541267776,2.14,10
0.4575611183696664,0.5424388816303336,2.14,10
0.3128676720498986,0.6871323279501014,1.64,200
0.6820163842854827,0.3179836157145173,1.21,0
0.20113006877312634,0.7988699312268737,1.56,400
0.8774619694702575,0.12253803052974255,1.03,0
0.8611979368801101,0.13880206311988985,1.04,0
0.10496396465854492,0.895036035341455,1.3,610
0.11932271618470845,0.8806772838152915,1.4,580
0.7069010993594642,0.2930989006405358,1.14,0
0.40773763051606793,0.5922623694839321,2.0,60
0.2804534874510827,0.7195465125489173,1.48,220
0.26811313585613455,0.7318868641438654,1.58,250
0.11912734447127393,0.8808726555287261,1.19,610
0.44106349031952646,0.5589365096804735,2.02,40
0.549114845715672,0.45088515428432796,1.41,0
0.38199360844433095,0.618006391555669,1.81,70
0.2904081732946912,0.7095918267053087,1.46,210
0.636509673380826,0.363490326619174,1.23,0
0.13105502773308544,0.8689449722669146,1.38,560
0.7476797086021826,0.2523202913978174,1.11,0
0.20614777726722391,0.7938522227327761,1.44,410
0.5178758508830338,0.4821241491169662,1.63,0
0.5058559128614581,0.49414408713854185,1.49,0
0.819190209817335,0.18080979018266496,1.04,0
0.27025201288064643,0.7297479871193535,1.44,260
0.5752305240681753,0.4247694759318247,1.38,0
0.7954256574414476,0.20457434255855245,1.1,0
0.8223608183459618,0.17763918165403825,1.06,0
0.17150960734447462,0.8284903926555254,1.3,490
0.31154217544574386,0.6884578245542561,1.65,210
0.16976548094693644,0.8302345190530636,1.38,470
0.8283669683020202,0.17163303169797983,1.06,0
0.18541759324888896,0.814582406751111,1.47,430
0.4720130766964261,0.5279869233035739,1.94,10
0.23620574755021986,0.7637942524497802,1.42,350
0.23746006661233496,0.762539933387665,1.58,330
0.24015013725136783,0.7598498627486322,1.56,300
0.8366286754326895,0.16337132456731052,1.05,0
0.5058382315360422,0.49416176846395776,2.06,0
0.541225121350583,0.458774878649417,1.59,0
0.7081142498297621,0.2918857501702379,1.14,0
0.5945900849366382,0.40540991506336177,1.31,0
0.4302268025746674,0.5697731974253326,1.67,50
0.8331866929931527,0.16681330700684727,1.06,0
0.8224161976355346,0.17758380236446536,1.06,0
0.11417819356151293,0.8858218064384871,1.4,600
0.7748950603450544,0.2251049396549456,1.08,0
0.8812763681070558,0.11872363189294421,1.04,0
0.4251007841336931,0.5748992158663069,2.2,60
0.44661224949293177,0.5533877505070682,1.92,40
0.4734987512841844,0.5265012487158156,2.08,0
0.4447117045168331,0.5552882954831668,1.77,30
0.21585506098053087,0.7841449390194691,1.39,370
0.7259337528272961,0.2740662471727039,1.13,0
0.1947631493339051,0.805236850666095,1.61,430
0.6249342573377036,0.3750657426622964,1.28,0
0.7272648039753942,0.27273519602460583,1.12,0
0.8516398799643343,0.14836012003566568,1.04,0
0.6056793617324264,0.3943206382675736,1.28,0
0.8231969126807841,0.1768030873192159,1.05,0
0.62520413125824,0.37479586874175996,1.24,0
0.4049903471236298,0.5950096528763702,1.79,80
0.3004701066707619,0.6995298933292381,1.57,190
0.3007212318089361,0.6992787681910639,1.66,210
0.15029761179036216,0.8497023882096378,1.45,480
0.430978093395465,0.569021906604535,1.58,40
0.7860989304366955,0.21390106956330446,1.08,0
0.15931206642287352,0.8406879335771265,1.47,500
0.8654798591983499,0.1345201408016501,1.03,0
0.3301970385895165,0.6698029614104835,1.45,170
0.33334551088562697,0.6666544891143731,1.53,150
0.6248660028742798,0.37513399712572015,1.27,0
0.1923159292664141,0.807684070733586,1.4,410
0.14242252765595084,0.8575774723440491,1.23,560
0.29508031971240695,0.704919680287593,1.57,230
0.7376670943437711,0.2623329056562289,1.13,0
0.6342335109088213,0.3657664890911787,1.26,0
0.4688290394367767,0.5311709605632233,1.79,20
0.16249625023940448,0.8375037497605955,1.37,470
0.11206851244374345,0.8879314875562565,1.28,580
0.2901298202516605,0.7098701797483395,1.69,230
0.2408018005486115,0.7591981994513886,1.64,300
0.512622371810576,0.487377628189424,1.75,0
0.8818018758742077,0.11819812412579234,1.02,0
0.19237133930096872,0.8076286606990313,1.42,410
0.432193730692976,0.567806269307024,1.5,40
0.5270752001394133,0.47292479986058666,1.66,0
0.37479209260377566,0.6252079073962243,1.91,120
0.5311920507068804,0.46880794929311964,1.41,0
0.4077462850277656,0.5922537149722344,1.72,80
0.3178688623217074,0.6821311376782926,1.57,200
0.7514900693866751,0.24850993061332494,1.11,0
0.4170132850300037,0.5829867149699963,1.85,70
0.6246502389354983,0.3753497610645017,1.27,0
0.7090465802989956,0.2909534197010044,1.16,0
0.14218671441663241,0.8578132855833676,1.41,540
0.7788544163694304,0.22114558363056958,1.09,0
0.34675170541625566,0.6532482945837443,1.64,150
0.6766798417719349,0.32332015822806515,1.18,0
0.3737881484003868,0.6262118515996131,2.03,110
0.22810598411644245,0.7718940158835575,1.47,340
0.30034697548459477,0.6996530245154052,1.73,200
0.3893833388185254,0.6106166611814746,1.73,80
0.4287778509568181,0.5712221490431819,1.97,30
0.4342752977763226,0.5657247022236773,1.87,30
0.1571324351168446,0.8428675648831554,1.34,490
0.42516079723947764,0.5748392027605224,2.0,60
0.42654839699896097,0.573451603001039,1.79,50
0.4746406349528196,0.5253593650471804,2.35,0
0.8191207698839506,0.18087923011604945,1.07,0
0.857347933813555,0.142652066186445,1.04,0
0.2980378550635218,0.7019621449364781,1.66,180
0.23987522898740288,0.7601247710125971,1.35,300
0.8443183574049797,0.15568164259502026,1.04,0
0.4484586726891374,0.5515413273108626,1.84,30
0.5788072982135909,0.4211927017864091,1.37,0
0.7352798459755183,0.2647201540244817,1.14,0
0.5193779908576677,0.48062200914233233,1.56,0
0.391092955741387,0.608907044258613,2.02,80
0.651428255554247,0.348571744445753,1.25,0
0.4489282758087334,0.5510717241912666,1.94,30
0.39646120570775767,0.6035387942922423,1.59,90
0.27584971292684507,0.7241502870731549,1.65,260
0.19414140344273234,0.8058585965572677,1.6,380
0.45683181341783163,0.5431681865821684,1.78,40
0.3854791591427269,0.6145208408572731,1.83,110
0.34227975262362853,0.6577202473763715,1.64,150
0.25250915222323567,0.7474908477767643,1.84,290
0.27859956759324395,0.721400432406756,1.61,250
0.4018132342736254,0.5981867657263746,2.06,40
0.16472952272995114,0.8352704772700489,1.34,480
0.687346712657539,0.312653287342461,1.15,0
0.45226656001546034,0.5477334399845397,1.94,10
0.31794686796184096,0.6820531320381591,1.46,190
0.7813729476483162,0.21862705235168378,1.09,0
0.5139574124897052,0.48604258751029483,1.81,0
0.5344320247272756,0.4655679752727244,1.51,0
0.38718823791684404,0.6128117620831559,1.66,100
0.6176510225796625,0.38234897742033747,1.22,0
0.3283828588875034,0.6716171411124966,1.54,150
0.3592736135911523,0.6407263864088477,1.68,130
0.7300870055461061,0.26991299445389394,1.14,0
0.25607304777551676,0.7439269522244832,1.77,280
0.20775123345559487,0.7922487665444051,1.49,400
0.7185829613729245,0.28141703862707546,1.15,0
0.6501022131833251,0.34989778681667494,1.2,0
0.6716640800850996,0.3283359199149004,1.19,0
0.24176756142787126,0.7582324385721287,1.43,340
0.7054598080086353,0.2945401919913647,1.17,0
0.14385682030309957,0.8561431796969005,1.36,500
0.2587579672379012,0.7412420327620988,1.52,290
0.8947871022364278,0.10521289776357223,1.02,0
0.4682922314325719,0.5317077685674281,1.85,20
0.49128476465602866,0.5087152353439713,1.63,0
0.5594745088116199,0.44052549118838014,1.47,0
0.16416274322954438,0.8358372567704556,1.47,480
0.8312087936566336,0.16879120634336642,1.03,0
0.6004610525723204,0.3995389474276796,1.29,0
0.6482512540398595,0.3517487459601405,1.24,0
0.13200395073555954,0.8679960492644405,1.31,540
0.3944814137807863,0.6055185862192136,1.84,80
0.8288110712588399,0.1711889287411601,1.05,0
0.2465721137465164,0.7534278862534836,1.58,300
0.5185012020550833,0.4814987979449167,1.56,0
0.533922699169727,0.466077300830273,1.51,0
0.5291934091347792,0.4708065908652208,2.15,0
0.7231533423268933,0.2768466576731067,1.14,0
0.159676826680714,0.840323173319286,1.34,470
0.5917482800281139,0.40825171997188614,1.3,0
0.44205094117780136,0.5579490588221987,2.03,40
0.5979088730660621,0.4020911269339379,1.29,0
0.17405223293476402,0.825947767065236,1.49,440
0.22804163995008706,0.7719583600499129,1.6,350
0.604649203218795,0.395350796781205,1.29,0
0.8718656944493111,0.12813430555068894,1.04,0
0.89013323244909,0.10986676755090996,1.02,0
0.5416045389150539,0.4583954610849461,1.53,0
0.13342847700311708,0.8665715229968829,1.31,530
0.7581119565266721,0.24188804347332793,1.12,0
0.8247970510957687,0.17520294890423127,1.07,0
0.34854712886717265,0.6514528711328273,1.68,120
0.898586497577385,0.10141350242261504,1.01,0
0.8865117401669784,0.11348825983302158,1.02,0
0.7234996850719301,0.2765003149280699,1.13,0
0.725404297783747,0.27459570221625296,1.12,0
0.8611162121362933,0.1388837878637067,1.05,0
0.7448006044041454,0.2551993955958546,1.13,0
0.2804634712441262,0.7195365287558738,1.72,240
0.823275899303684,0.17672410069631606,1.06,0
0.5017477197306736,0.49825228026932644,1.62,0
0.12515681436749312,0.8748431856325068,1.36,540
0.5319990721464066,0.4680009278535934,1.59,0
0.16227396961963905,0.837726030380361,1.42,490
0.646295847175951,0.353704152824049,1.25,0
0.5381199913592608,0.4618800086407392,1.58,0
0.7202210945171712,0.2797789054828288,1.14,0
0.8510210528766807,0.14897894712331927,1.03,0
0.8805685264938274,0.11943147350617256,1.03,0
0.5765606351219253,0.42343936487807465,1.34,0
0.3873367929637652,0.6126632070362348,1.75,80
0.491727052276382,0.508272947723618,1.76,0
0.5201793381506828,0.47982066184931715,1.66,0
0.8117095242628087,0.18829047573719127,1.07,0
0.3143269822958054,0.6856730177041945,1.67,200
0.2663865494681539,0.7336134505318461,1.44,290
0.46853584511258994,0.5314641548874101,2.14,10
0.8250331584969492,0.17496684150305075,1.07,0
0.4441269933759879,0.5558730066240121,2.07,40
0.6429554349454696,0.3570445650545304,1.25,0
0.8017040944338973,0.19829590556610266,1.09,0
0.2890539987184414,0.7109460012815586,1.71,220
0.5714780071844071,0.4285219928155929,1.36,0
0.5947813751689791,0.4052186248310209,1.31,0
0.1674277774995285,0.8325722225004715,1.43,470
0.3257173063712353,0.6742826936287647,1.62,160
0.32656485872022634,0.6734351412797737,1.71,170
0.7631270034434765,0.2368729965565235,1.13,0
0.5673079842805574,0.4326920157194426,1.34,0
0.8992171398958054,0.10078286010419457,1.02,0
0.3549838292545429,0.6450161707454571,1.76,130
0.32540112294893175,0.6745988770510682,1.65,180
0.7950047015681075,0.20499529843189246,1.09,0
0.4011579377370992,0.5988420622629008,1.55,80
0.12225279606070201,0.877747203939298,1.26,570
0.401372117639707,0.5986278823602931,1.75,70
0.10408326835562019,0.8959167316443798,1.29,640
0.2508789086198644,0.7491210913801356,1.48,340
0.7341234636552365,0.2658765363447635,1.15,0
0.5211865477997655,0.4788134522002345,1.5,0
0.311507638816666,0.688492361183334,1.66,180
0.19416060730955842,0.8058393926904416,1.46,420
0.16754614003423765,0.8324538599657624,1.49,480
0.1781782728693666,0.8218217271306334,1.34,420
0.16232409836912423,0.8376759016308758,1.34,460
0.5626585654092706,0.4373414345907294,1.32,0
0.6950132368465232,0.30498676315347684,1.18,0
0.624152835367449,0.37584716463255097,1.28,0
0.40847053289160756,0.5915294671083924,1.75,50
0.3441236888462852,0.6558763111537148,1.64,130
0.49611369922538406,0.5038863007746159,1.73,0
0.8158604006516592,0.1841395993483408,1.06,0
0.5684636075329074,0.43153639246709263,1.39,0
0.1274938226299974,0.8725061773700026,1.41,570
0.6584086127503733,0.3415913872496267,1.2,0
0.8508267106549051,0.14917328934509488,1.05,0
0.18070174737825112,0.8192982526217489,1.43,440
0.17047624503871353,0.8295237549612865,1.3,470
0.655300497714549,0.344699502285451,1.24,0
0.4973115138535371,0.5026884861464629,2.33,0
0.7851242057241538,0.21487579427584624,1.07,0
0.12128718395230403,0.878712816047696,1.32,600
0.6611056371833612,0.33889436281663876,1.22,0
0.44545544928979136,0.5545445507102087,1.83,20
0.1988615311056047,0.8011384688943953,1.51,390
0.13861042679719696,0.8613895732028031,1.33,540
0.684522112868245,0.31547788713175495,1.15,0
0.22078341913863328,0.7792165808613667,1.59,340
0.7033292427796871,0.2966707572203129,1.15,0
0.8077842620130404,0.19221573798695957,1.07,0
0.7533389236208008,0.2466610763791992,1.12,0
0.6636486690892993,0.3363513309107007,1.21,0
0.498377175323278,0.501622824676722,2.02,0
0.609852439190248,0.390147560809752,1.29,0
0.8664145566889391,0.13358544331106093,1.03,0
0.6593810603795079,0.34061893962049206,1.21,0
0.3511408328645196,0.6488591671354804,1.81,130
0.281231484277262,0.7187685157227379,1.57,230
0.3599242190350378,0.6400757809649622,1.81,140
0.4819451568207456,0.5180548431792544,1.89,20
0.30128273598915023,0.6987172640108498,1.61,210
0.8986407169671005,0.10135928303289954,1.02,0
0.3863999506219612,0.6136000493780388,1.92,110
0.13636458507634056,0.8636354149236595,1.12,530
0.47964763048440723,0.5203523695155927,2.43,0
0.18319639694948764,0.8168036030505124,1.35,380
0.8431459025880783,0.1568540974119217,1.04,0
0.5266139005408726,0.47338609945912735,1.5,0
0.681511203632921,0.31848879636707905,1.2,0
0.34130764998691854,0.6586923500130815,1.54,160
0.3629930587118273,0.6370069412881727,1.77,120
0.5129331300170697,0.48706686998293025,1.63,0
0.5160905913196827,0.4839094086803173,1.62,0
0.22499564437749964,0.7750043556225004,1.5,310
0.11784452608409408,0.8821554739159059,1.34,560
0.8692819307907674,0.13071806920923257,1.03,0
0.7735353140956818,0.22646468590431823,1.08,0
0.21397883480737054,0.7860211651926294,1.66,380
0.8748152528753649,0.12518474712463512,1.03,0
0.8205894918573455,0.17941050814265447,1.06,0
0.7730840202980761,0.2269159797019239,1.09,0
0.5075771804815061,0.49242281951849387,1.4,10
0.5527277113406395,0.44727228865936053,1.39,0
0.10754946908059707,0.892450530919403,1.21,630
0.24677940334862056,0.7532205966513794,1.47,300
0.46892521329735165,0.5310747867026484,2.0,30
0.1339863912122147,0.8660136087877853,1.36,570
0.6971956701167228,0.3028043298832772,1.17,0
0.20622834615353336,0.7937716538464666,1.37,360
0.6294499779344185,0.3705500220655815,1.26,0
0.11427774869257155,0.8857222513074284,1.25,590
0.6242136098659106,0.37578639013408943,1.26,0
0.6064201599846533,0.39357984001534674,1.28,0
0.7802580700853083,0.21974192991469166,1.09,0
0.18415663599397583,0.8158433640060242,1.54,430
0.4377064374661207,0.5622935625338793,2.52,30
0.78401153498963,0.21598846501036995,1.08,0
0.13996898569722385,0.8600310143027762,1.28,520
0.5630207137539197,0.4369792862460803,1.44,0
0.3410690190988828,0.6589309809011172,1.71,140
0.8628327385343773,0.13716726146562275,1.05,0
0.18784138338072875,0.8121586166192712,1.46,420
0.5036035798162333,0.49639642018376673,1.65,0
0.7274634495592074,0.2725365504407926,1.12,0
0.15994379348170176,0.8400562065182983,1.25,480
0.27691586789642225,0.7230841321035777,1.47,240
0.8783462394227565,0.12165376057724353,1.02,0
0.8194000046615182,0.1805999953384818,1.06,0
0.6768191477510352,0.32318085224896476,1.18,0
0.1962604306634778,0.8037395693365222,1.49,380
0.5275250807726845,0.47247491922731555,1.46,0
0.4100487505590395,0.5899512494409604,1.77,70
0.15243604747773576,0.8475639525222642,1.3,450
0.11632841511734196,0.8836715848826581,1.29,600
0.22868475847549263,0.7713152415245074,1.49,330
0.3010097128831376,0.6989902871168624,1.66,200
0.256562058899105,0.743437941100895,1.55,300
0.5679383662175631,0.4320616337824369,1.4,0
0.2006156559922613,0.7993843440077387,1.32,390
0.16935421215229837,0.8306457878477016,1.61,430
0.12974262378987397,0.870257376210126,1.3,540
0.19077782766827794,0.8092221723317221,1.38,390
0.8656478439223801,0.13435215607761986,1.03,0
0.23444252301402219,0.7655574769859779,1.41,330
0.763745362044328,0.23625463795567203,1.11,0
0.451960083109488,0.548039916890512,2.02,30
0.37820074781710117,0.6217992521828988,1.65,90
0.7418571258984352,0.2581428741015648,1.12,0
0.8627161931905319,0.13728380680946806,1.03,0
0.5320598273507894,0.4679401726492106,1.53,0
0.8194224147427103,0.18057758525728973,1.07,0
0.3290585518441016,0.6709414481558984,1.71,170
0.8931298252209245,0.10687017477907546,1.02,0
0.7992151044733782,0.20078489552662182,1.08,0
0.7127424031338127,0.28725759686618735,1.16,0
0.14931309512198565,0.8506869048780143,1.45,480
0.8169579686687949,0.1830420313312051,1.08,0
0.7512165549205907,0.2487834450794093,1.11,0
0.7543583630566856,0.24564163694331442,1.09,0
0.6431916514755235,0.3568083485244765,1.22,0
0.20874600543528032,0.7912539945647197,1.54,370
0.38151263178397204,0.6184873682160279,1.72,100
0.14023704333048634,0.8597629566695136,1.35,550
0.6059028355766347,0.3940971644233653,1.3,0
0.522266954535933,0.47773304546406703,1.58,0
0.3084656910590253,0.6915343089409747,1.7,190
0.3661912262484361,0.6338087737515639,1.75,100
0.850544255518333,0.14945574448166699,1.04,0
0.39307346159005774,0.6069265384099423,1.93,60
0.48857683334268176,0.5114231666573182,1.93,0
0.28624753699084476,0.7137524630091552,1.66,230
0.5399617958355114,0.4600382041644886,1.43,0
0.570606893946404,0.42939310605359604,1.35,0
0.4968358626571079,0.5031641373428921,1.8,0
0.7501577830363694,0.24984221696363063,1.13,0
0.6426185058410238,0.35738149415897624,1.26,0
0.329327316371176,0.6706726836288239,1.6,140
0.489022087594025,0.510977912405975,1.87,0
0.16180357804782367,0.8381964219521764,1.6,460
0.42305153123176853,0.5769484687682315,1.76,50
0.3908171376661376,0.6091828623338624,1.84,90
0.720957158914457,0.279042841085543,1.15,0
0.2971841684072287,0.7028158315927713,1.49,220
0.7264099953041234,0.2735900046958766,1.15,0
0.12231211864329393,0.8776878813567061,1.27,580
0.533544405211269,0.466455594788731,1.39,0
0.27399781605783646,0.7260021839421635,1.89,250
0.838698994128477,0.16130100587152296,1.04,0
0.34337115115965944,0.6566288488403406,1.74,150
0.4415398457113338,0.5584601542886662,1.87,30
0.4031275009804405,0.5968724990195595,1.97,50
0.2483782661137152,0.7516217338862848,1.48,300
0.2269653348176779,0.7730346651823221,1.57,320
0.7803117546470388,0.21968824535296116,1.08,0
0.8442524023992848,0.15574759760071522,1.03,0
0.7392589170966467,0.2607410829033533,1.12,0
0.8709611280686248,0.1290388719313752,1.04,0
0.5959938082114905,0.4040061917885095,1.29,0
0.3429357330797115,0.6570642669202885,1.52,160
0.2651544139237954,0.7348455860762046,1.58,300
0.818522124998145,0.18147787500185497,1.06,0
0.7877685162967505,0.2122314837032495,1.08,0
0.3298467348739741,0.6701532651260259,1.87,170
0.5947123291615916,0.40528767083840844,1.3,0
0.651192558395678,0.348807441604322,1.22,0
0.7201348763232752,0.2798651236767248,1.15,0
0.3026383715005035,0.6973616284994966,1.68,220
0.7444865612945719,0.2555134387054281,1.13,0
0.636796005182263,0.363203994817737,1.22,0
0.21866411470898328,0.7813358852910167,1.65,350
0.2435513213382226,0.7564486786617775,1.53,330
0.6454247075147898,0.35457529248521025,1.23,0
0.7172720850740972,0.28272791492590277,1.14,0
0.605874095893324,0.39412590410667603,1.32,0
0.6259647527933344,0.3740352472066656,1.26,0
0.15793080131286752,0.8420691986871325,1.7,490
0.8471622540084206,0.1528377459915794,1.04,0
0.20124729702565525,0.7987527029743448,1.58,380
0.51026274691319,0.48973725308681004,1.86,0
0.7910103853744467,0.20898961462555332,1.07,0
0.8598790656632167,0.1401209343367833,1.01,0
0.15796445145867344,0.8420355485413266,1.41,460
0.33063985889285946,0.6693601411071406,1.6,130
0.8131647653794465,0.18683523462055351,1.08,0
0.7084331893598876,0.29156681064011236,1.14,0
0.26267453205905794,0.737325467940942,1.47,290
0.8758834692350148,0.12411653076498519,1.02,0
0.745567890668832,0.254432109331168,1.14,0
0.10857305909198188,0.8914269409080181,1.25,600
0.4858795598114826,0.5141204401885173,2.17,10
0.6779905297545102,0.32200947024548976,1.18,0
0.7981330648208083,0.20186693517919174,1.09,0
0.6143177675080156,0.3856822324919844,1.23,0
0.6751916965017635,0.32480830349823653,1.21,0
0.5452640944785265,0.45473590552147347,1.44,0
0.343968254834582,0.6560317451654181,1.43,140
0.22062317563778314,0.7793768243622169,1.4,360
0.6903272284795454,0.3096727715204546,1.16,0
0.7335648824881799,0.26643511751182014,1.16,0
0.5132971113730348,0.4867028886269652,1.62,0
0.7052085282973752,0.29479147170262476,1.15,0
0.3837510748481284,0.6162489251518716,2.13,100
0.43057618684096743,0.5694238131590326,1.75,50
0.50221207832618,0.49778792167382,1.72,0
0.8165944420460086,0.18340555795399138,1.08,0
0.8894988881616315,0.11050111183836853,1.03,0
0.8069485812030942,0.1930514187969058,1.09,0
0.5772694189149664,0.4227305810850336,1.38,0
0.34431534893995136,0.6556846510600487,1.83,160
0.6118532333376266,0.38814676666237335,1.3,0
0.5226952628829569,0.47730473711704313,1.52,0
0.3643672433478348,0.6356327566521651,1.77,120
0.3467190453025327,0.6532809546974673,1.79,130
0.802989395397391,0.197010604602609,1.08,0
0.5820654896885887,0.41793451031141127,1.26,0
0.5206749454834582,0.47932505451654184,1.62,0
0.6144493148018998,0.3855506851981002,1.29,0
0.6177859881658896,0.3822140118341104,1.27,0
0.8664347704873503,0.1335652295126497,1.02,0
0.5373637776878507,0.4626362223121493,1.42,0
0.25495550862475014,0.7450444913752499,1.48,300
0.7441851005255689,0.25581489947443115,1.11,0
0.8540655859264334,0.14593441407356655,1.05,0
0.7767676599086788,0.2232323400913212,1.08,0
0.6661920803528363,0.3338079196471637,1.22,0
0.2971640101870749,0.702835989812925,1.66,210
0.3233776685745669,0.6766223314254332,1.55,170
0.19020827777008817,0.8097917222299118,1.37,430
0.3683456172572158,0.6316543827427842,1.88,110
0.24281251419994856,0.7571874858000515,1.67,270
0.42536441565994176,0.5746355843400582,1.88,40
0.7802465750941894,0.21975342490581062,1.09,0
0.2774716564995545,0.7225283435004455,1.83,210
0.43432640770899544,0.5656735922910046,1.75,40
0.18238177720768603,0.817618222792314,1.41,430
0.6883047628150809,0.3116952371849191,1.19,0
0.6373218244800891,0.3626781755199109,1.25,0
0.7084366988709944,0.29156330112900564,1.15,0
0.7131300717520587,0.28686992824794133,1.16,0
0.19732320450244042,0.8026767954975595,1.38,420
0.6821461606192787,0.3178538393807213,1.18,0
0.11419302382746893,0.8858069761725311,1.32,570
0.49191442778240707,0.508085572217593,1.85,0
0.5020255276418929,0.4979744723581071,2.16,10
0.8383264610533451,0.16167353894665493,1.07,0
0.6789683707902012,0.3210316292097988,1.17,0
0.2011812178539925,0.7988187821460075,1.5,410
0.1602523243148901,0.8397476756851099,1.3,520
0.389304428699464,0.610695571300536,2.2,70
0.33878386332810345,0.6612161366718965,1.74,150
0.8555239086074617,0.14447609139253825,1.05,0
0.5356095609974274,0.4643904390025726,1.46,0
0.18091696476215438,0.8190830352378456,1.39,460
0.5906007440712419,0.40939925592875814,1.3,0
0.7714995391817304,0.22850046081826958,1.08,0
0.1428910005893612,0.8571089994106388,1.28,500
0.3734022075576115,0.6265977924423884,1.73,120
0.11742327571408842,0.8825767242859116,1.3,580
0.7902831802839114,0.20971681971608858,1.07,0
0.8299951993445396,0.17000480065546042,1.05,0
0.2557866363216782,0.7442133636783218,1.68,280
0.10424685276191177,0.8957531472380882,1.44,600
0.3103329378881375,0.6896670621118626,1.64,180
0.7402685293266987,0.25973147067330127,1.12,0
0.328937088173148,0.6710629118268521,1.64,140
0.7975046384754718,0.20249536152452818,1.05,0
0.32393913528669094,0.6760608647133091,1.64,160
0.1191119747671225,0.8808880252328775,1.25,590
0.459892543364553,0.540107456635447,1.92,30
0.520081425279021,0.479918574720979,1.42,0
0.26675741953856547,0.7332425804614345,1.52,280
0.362102918129456,0.6378970818705441,1.83,120
0.687826521642729,0.31217347835727105,1.18,0
0.7020458498244726,0.2979541501755274,1.17,0
0.32024422852964646,0.6797557714703535,1.62,180
0.8220624916858768,0.17793750831412325,1.06,0
0.8400846018220866,0.15991539817791345,1.04,0
0.7684426871663392,0.23155731283366077,1.13,0
0.10725074395141831,0.8927492560485817,1.32,580
0.6937251274523734,0.30627487254762664,1.19,0
0.19894612966755149,0.8010538703324486,1.4,390
0.10335250261292633,0.8966474973870737,1.33,610
0.45661614027553044,0.5433838597244696,1.92,20
0.4090207718135275,0.5909792281864725,2.16,80
0.5049109981910372,0.49508900180896276,1.72,0
0.5471393098858374,0.45286069011416263,1.39,0
0.753814660970878,0.24618533902912199,1.11,0
0.4818726026482083,0.5181273973517917,1.92,10
0.5949935879529755,0.4050064120470245,1.27,0
0.5961159506418025,0.40388404935819755,1.31,0
0.8987888708939267,0.10121112910607333,1.03,0
0.7491624761138992,0.2508375238861008,1.13,0
0.198835735693143,0.801164264306857,1.49,410
0.8730480203698683,0.12695197963013172,1.03,0
0.25161891779496354,0.7483810822050365,1.71,320
0.7264422399906353,0.2735577600093647,1.13,0
0.45033273386822864,0.5496672661317714,1.6,10
0.8784103213190487,0.12158967868095127,1.03,0
0.6863755366386439,0.3136244633613561,1.18,0
0.46795187552436507,0.532048124475635,1.74,10
0.14860209877621458,0.8513979012237854,1.39,440
0.8909715916796354,0.10902840832036464,1.03,0
0.6164286817228555,0.3835713182771445,1.27,0
0.8204351361801954,0.17956486381980463,1.05,0
0.311463067787773,0.688536932212227,1.74,170
0.2636043246565604,0.7363956753434395,1.54,290
0.41676311719439907,0.5832368828056009,1.68,60
0.32939981998729845,0.6706001800127015,1.75,170
0.1890371703179793,0.8109628296820207,1.42,440
0.5456709503304977,0.45432904966950227,1.59,0
0.5690670068335141,0.4309329931664859,1.35,0
0.6280600286881247,0.3719399713118753,1.25,0
0.21861634839145846,0.7813836516085415,1.67,340
0.4608252908146776,0.5391747091853224,1.68,20
0.32388069432987143,0.6761193056701286,1.54,180
0.8910277329015198,0.10897226709848018,1.01,0
0.43586426870624617,0.5641357312937538,2.49,50
0.8246270117044061,0.1753729882955939,1.04,0
0.740083000839833,0.259916999160167,1.14,0
0.14267122809120006,0.8573287719088,1.31,530
0.47476769983023914,0.5252323001697609,1.81,0
0.10650373620437997,0.8934962637956201,1.28,600
0.3840989657659374,0.6159010342340626,1.56,90
0.8511719674007623,0.14882803259923771,1.04,0
0.11804105354470168,0.8819589464552984,1.27,570
0.5565009364352312,0.44349906356476876,1.43,0
0.19143529845574472,0.8085647015442553,1.54,420
0.6079243295976992,0.39207567040230085,1.22,0
0.8579669913214752,0.14203300867852475,1.04,0
0.5337261072418503,0.4662738927581497,1.44,0
0.27804635791962734,0.7219536420803727,1.56,260
0.851406610807869,0.14859338919213105,1.03,0
0.6039752529742182,0.39602474702578183,1.29,0
0.49259779574739826,0.5074022042526017,1.78,0
0.7527572781029384,0.24724272189706165,1.12,0
0.6138126964455717,0.3861873035544283,1.29,0
0.314526837066214,0.685473162933786,1.75,200
0.7699352024210665,0.2300647975789335,1.09,0
0.46265129237668745,0.5373487076233125,1.63,10
0.11682867127241972,0.8831713287275803,1.23,590
0.24151546812463423,0.7584845318753658,1.37,340
0.6564576414528781,0.3435423585471219,1.22,0
0.606893081139709,0.39310691886029103,1.31,0
0.6733764497638212,0.32662355023617884,1.2,0
0.4967060168380852,0.5032939831619148,1.62,10
0.32892801658736864,0.6710719834126313,1.68,150
0.17139348638951823,0.8286065136104818,1.37,450
0.4398747597376203,0.5601252402623798,2.28,30
0.11691215299250174,0.8830878470074983,1.27,610
0.7407539933435678,0.25924600665643216,1.12,0
0.6022773903870493,0.3977226096129507,1.34,0
0.735145611296633,0.26485438870336697,1.13,0
0.7850020659152458,0.2149979340847542,1.1,0
0.19332246782802748,0.8066775321719726,1.46,420
0.32853020584325404,0.671469794156746,1.79,190
0.6088912920225212,0.39110870797747876,1.29,0
0.5777027587943894,0.42229724120561063,1.35,0
0.4456843200367353,0.5543156799632647,1.96,30
0.4149495719287457,0.5850504280712543,2.01,60
0.8125591634413579,0.18744083655864208,1.08,0
0.1782051579997085,0.8217948420002915,1.6,430
0.6556243941378701,0.3443756058621299,1.21,0
0.8859245481827772,0.11407545181722278,1.01,0
0.7105410560709302,0.2894589439290698,1.17,0
0.3108974584076194,0.6891025415923806,1.5,170
0.2817730383387231,0.7182269616612769,1.43,230
0.6566924387549238,0.3433075612450762,1.26,0
0.654124046548136,0.34587595345186395,1.2,0
0.6756574657829811,0.32434253421701886,1.22,0
0.8025452268288301,0.19745477317116988,1.08,0
0.2954572576434346,0.7045427423565653,1.48,180
0.8025935950246512,0.19740640497534878,1.07,0
0.8344962010722812,0.16550379892771883,1.05,0
0.5889513386862244,0.4110486613137756,1.31,0
0.34902617135161135,0.6509738286483886,1.71,130
0.6101145886810457,0.38988541131895427,1.3,0
0.6385521461146506,0.3614478538853494,1.23,0
0.233532864109735,0.766467135890265,1.6,310
0.5199344872608865,0.48006551273911346,1.5,0
0.3703898585573326,0.6296101414426674,1.81,100
0.8383482660825398,0.16165173391746024,1.06,0
0.5088963528237899,0.49110364717621013,1.77,0
0.7224506663331323,0.27754933366686774,1.16,0
0.8945137607284126,0.1054862392715874,1.03,0
0.4660278011062565,0.5339721988937435,1.87,20
0.19440521006370615,0.8055947899362939,1.39,390
0.4812739045046488,0.5187260954953512,1.81,20
0.6503837792305488,0.3496162207694512,1.26,0
0.32906410086277194,0.6709358991372281,1.68,150
0.5519198433328532,0.44808015666714684,1.32,0
0.322345188112187,0.677654811887813,1.47,190
0.16938921150855377,0.8306107884914462,1.49,490
0.48230108072488537,0.5176989192751147,2.42,10
0.18309852219773834,0.8169014778022616,1.47,420
0.489374968829887,0.510625031170113,1.64,20
0.7307258810667742,0.26927411893322584,1.14,0
0.1858939289027024,0.8141060710972976,1.46,410
0.4187181191664855,0.5812818808335145,1.67,40
0.8425056190671851,0.15749438093281487,1.05,0
0.3106682397031249,0.6893317602968752,1.7,170
0.3148054536952346,0.6851945463047654,1.56,180
0.7615674278188744,0.23843257218112557,1.1,0
0.21171106266383222,0.7882889373361678,1.56,370
0.17807046851588365,0.8219295314841164,1.46,470
0.770297097588843,0.22970290241115698,1.12,0
0.2814375977016192,0.7185624022983808,1.61,240
0.32470990511969283,0.6752900948803071,1.5,190
0.8428982789742081,0.1571017210257919,1.03,0
0.6618504866837092,0.33814951331629084,1.22,0
0.7207102985689828,0.27928970143101717,1.16,0
0.10380274742972775,0.8961972525702723,1.18,640
0.4373566141688719,0.5626433858311282,1.94,40
0.8704663642451314,0.12953363575486865,1.02,0
0.3007447423667797,0.6992552576332203,1.67,190
0.4679561052702228,0.5320438947297772,1.72,10
0.5788031849737089,0.42119681502629114,1.36,0
0.36678462779088133,0.6332153722091187,1.6,120
0.324704227231262,0.675295772768738,1.76,160
0.7068177902201347,0.2931822097798653,1.17,0
0.3878309706562022,0.6121690293437978,1.99,90
0.75831744601042,0.24168255398958005,1.12,0
0.862798991115103,0.13720100888489695,1.04,0
0.21851716832686618,0.7814828316731338,1.43,330
0.5459152496886156,0.4540847503113844,1.44,0
0.3931052472122179,0.6068947527877822,2.2,80
0.7160397751880404,0.2839602248119596,1.15,0
0.7099536763566948,0.2900463236433052,1.13,0
0.6754243849272981,0.32457561507270194,1.19,0
0.6455150596286114,0.35448494037138856,1.22,0
0.8277545926397595,0.17224540736024052,1.06,0
0.7992262620322471,0.20077373796775289,1.07,0
0.4251789637968775,0.5748210362031225,1.74,40
0.12541973508982612,0.8745802649101739,1.34,560
0.6638434345473748,0.3361565654526252,1.21,0
0.14743554097220885,0.8525644590277912,1.39,500
0.6482227265772722,0.3517772734227278,1.21,0
0.523193808826997,0.47680619117300305,1.63,0
0.5809350238792151,0.41906497612078486,1.35,0
0.7174719420190083,0.2825280579809917,1.14,0
0.17477081527489116,0.8252291847251089,1.39,440
0.4495049165751338,0.5504950834248662,1.79,50
0.4325768940129446,0.5674231059870554,1.91,30
0.8334960838746941,0.1665039161253059,1.06,0
0.5061952663008696,0.49380473369913036,1.5,0
0.784767168696426,0.21523283130357396,1.1,0
0.37893353284944215,0.6210664671505579,1.82,130
0.762406759371053,0.23759324062894704,1.12,0
0.18764130972356652,0.8123586902764335,1.35,390
0.6119345123695824,0.3880654876304176,1.31,0
0.11634037394170377,0.8836596260582963,1.26,600
0.7105255582354815,0.28947444176451853,1.18,0
0.6120454077329406,0.3879545922670594,1.33,0
0.5721449844585371,0.4278550155414629,1.33,0
0.34599616469165106,0.6540038353083489,1.68,140
0.5539854333002616,0.4460145666997384,1.46,0
0.144693281783102,0.855306718216898,1.53,480
0.6935329653266957,0.3064670346733043,1.19,0
0.8270847186796895,0.17291528132031053,1.04,0
0.6570113890586178,0.3429886109413822,1.2,0
0.3886246358561054,0.6113753641438946,1.84,90
0.6418232618035131,0.3581767381964869,1.22,0
0.49360844812249216,0.5063915518775078,1.75,10
0.8998774704643493,0.1001225295356507,1.02,0
0.6289019972246017,0.3710980027753983,1.27,0
0.14237908501906338,0.8576209149809366,1.48,530
0.6584292805274091,0.3415707194725909,1.23,0
0.13794919522536483,0.8620508047746351,1.32,530
0.30143655013295984,0.6985634498670401,1.93,200
0.8617913766426626,0.1382086233573374,1.03,0
0.418349205696425,0.581650794303575,1.67,60
0.8234589874621657,0.17654101253783427,1.05,0
0.28412187899190927,0.7158781210080907,1.64,230
0.5359386737825578,0.4640613262174422,1.51,0
0.5993935538921672,0.4006064461078328,1.3,0
0.11604498275465946,0.8839550172453405,1.37,590
0.6880009271525324,0.31199907284746764,1.18,0
0.1315312693811043,0.8684687306188957,1.37,540
0.6178377352476601,0.38216226475233994,1.26,0
0.4102377930610688,0.5897622069389312,2.0,50
0.7808794322524323,0.21912056774756772,1.11,0
0.2633555877430073,0.7366444122569926,1.41,280
0.46626010822097674,0.5337398917790233,1.5,20
0.2921266410739537,0.7078733589260463,1.62,260
0.8433034935329125,0.15669650646708755,1.03,0
0.6113240048506102,0.3886759951493898,1.35,0
0.5573312764393551,0.4426687235606449,1.48,0
0.7590854672758152,0.24091453272418484,1.1,0
0.2760873945966079,0.7239126054033921,1.77,220
0.5963541494096337,0.4036458505903663,1.35,0
0.6088772745870539,0.3911227254129461,1.28,0
0.7841618790939054,0.21583812090609455,1.1,0
0.3312154377403794,0.6687845622596206,1.55,150
0.7384793749261913,0.2615206250738087,1.12,0
0.21399254870761217,0.7860074512923878,1.48,360
0.6828704381960409,0.3171295618039591,1.18,0
0.3494577272322923,0.6505422727677077,1.56,150
0.6661128230605557,0.33388717693944425,1.2,0
0.6887992595264613,0.31120074047353874,1.16,0
0.7459080821738964,0.25409191782610363,1.11,0
0.3684239195093053,0.6315760804906947,2.05,120
0.6363651653713847,0.36363483462861534,1.26,0
0.5291692622503597,0.47083073774964035,1.56,0
0.5347100452326115,0.46528995476738855,1.5,0
0.7251538807468481,0.27484611925315194,1.14,0
0.4918404462039312,0.5081595537960688,1.35,0
0.14524559586666355,0.8547544041333365,1.3,490
0.31023035405299987,0.6897696459470002,1.39,200
0.6294914039081968,0.3705085960918032,1.25,0
0.7861322522953458,0.21386774770465422,1.06,0
0.8667156170586998,0.13328438294130018,1.04,0
0.735887122456743,0.26411287754325696,1.11,0
0.27401942064997176,0.7259805793500282,1.8,260
0.1471979365382179,0.8528020634617821,1.32,510
0.39109963684815807,0.6089003631518419,1.4,100
0.6098853072358787,0.39011469276412125,1.25,0
0.6923437705908946,0.3076562294091054,1.15,0
0.20101266521179398,0.798987334788206,1.43,380
0.5275873718251861,0.4724126281748139,1.56,0
0.19769420503014984,0.8023057949698502,1.59,390
0.8222984913594084,0.17770150864059164,1.06,0
0.22969516895507092,0.7703048310449291,1.51,320
0.4712551361587884,0.5287448638412116,1.66,20
0.6435601613834594,0.3564398386165406,1.24,0
0.11161158888025113,0.8883884111197489,1.51,620
0.4558535958998481,0.5441464041001519,1.96,20
0.580185756142061,0.419814243857939,1.34,0
0.42456591045843806,0.5754340895415619,1.64,60
0.8512434133534635,0.14875658664653646,1.04,0
0.8551109005048192,0.1448890994951808,1.04,0
0.7734356167646275,0.22656438323537254,1.1,0
0.7250308321684984,0.2749691678315016,1.14,0
0.2398249315666039,0.7601750684333961,1.65,280
0.10328642631275163,0.8967135736872484,1.19,630
0.6560652256361892,0.3439347743638108,1.2,0
0.5834529447036813,0.41654705529631875,1.3,0
0.6340897918514443,0.3659102081485557,1.22,0
0.6312254110921786,0.36877458890782144,1.24,0
0.5042151865817597,0.4957848134182403,2.08,0
0.6835456659273582,0.3164543340726418,1.19,0
0.7719224376525751,0.22807756234742493,1.11,0
0.2867785231549725,0.7132214768450276,1.59,250
0.8697119129987827,0.1302880870012173,1.04,0
0.5831924801524605,0.4168075198475395,1.31,0
0.6965783793524842,0.30342162064751577,1.18,0
0.5109132859541793,0.4890867140458207,1.5,0
0.6922513755680257,0.30774862443197426,1.19,0
0.5472461674241,0.45275383257589996,1.48,0
0.8307030482868623,0.16929695171313774,1.04,0
0.1564329224597989,0.8435670775402011,1.29,500
0.5657691183318238,0.43423088166817625,1.36,0
0.18750760234482933,0.8124923976551707,1.37,400
0.6262234931860476,0.37377650681395236,1.29,0
0.7942634772233363,0.20573652277666366,1.08,0
0.4359175623428302,0.5640824376571698,1.7,50
0.4150788187272683,0.5849211812727317,1.79,60
0.11724137763910214,0.8827586223608979,1.25,590
0.8005281241630028,0.19947187583699721,1.05,0
0.48632102294666013,0.5136789770533399,1.63,20
0.35415599984861634,0.6458440001513837,1.76,110
0.3801197525035396,0.6198802474964604,1.55,120
0.34474220150864776,0.6552577984913522,1.62,160
0.6574252621198422,0.3425747378801578,1.19,0
0.6112821458966852,0.38871785410331483,1.25,0
0.4020514822451438,0.5979485177548562,1.73,90
0.13037364694044848,0.8696263530595515,1.33,530
0.6768128179239674,0.3231871820760326,1.18,0
0.3300293079561558,0.6699706920438442,1.82,180
0.19614051494024418,0.8038594850597558,1.45,420
0.5450463722921113,0.4549536277078887,1.37,0
0.35044178834031703,0.649558211659683,1.51,140
0.21098093161959658,0.7890190683804035,1.5,380
0.7842203208722937,0.21577967912770635,1.09,0
0.4282936281631231,0.5717063718368769,1.66,60
0.6080250186658127,0.3919749813341873,1.33,0
0.15564459981396955,0.8443554001860305,1.51,510
0.418190987121811,0.581809012878189,2.0,70
0.7835897559849587,0.21641024401504128,1.09,0
0.4120065013814782,0.5879934986185218,1.75,70
0.33487584962994543,0.6651241503700546,1.75,150
0.40831041062363416,0.5916895893763658,1.79,50
0.42265384794368127,0.5773461520563188,1.7,60
0.6066022690965645,0.39339773090343555,1.28,0
0.8268089435135056,0.17319105648649435,1.04,0
0.7987234517480108,0.20127654825198915,1.09,0
0.7960934897494065,0.20390651025059348,1.08,0
0.891144591821083,0.10885540817891703,1.04,0
0.8966940364228368,0.10330596357716315,1.01,0
0.2818483273591911,0.7181516726408089,1.58,190
0.5327579956617242,0.4672420043382758,1.45,0
0.5161135210964014,0.4838864789035986,1.61,0
0.38488149486046574,0.6151185051395343,1.76,80
0.8574241905588095,0.14257580944119053,1.04,0
0.45595101382575004,0.5440489861742499,1.85,40
0.8228224757019327,0.17717752429806732,1.05,0
0.1487861594511892,0.8512138405488108,1.29,540
0.42197313999669533,0.5780268600033047,1.73,50
0.7141884938279982,0.2858115061720018,1.13,0
0.8181549505073217,0.18184504949267832,1.05,0
0.5996247842821593,0.40037521571784074,1.36,0
0.8366052304602203,0.16339476953977972,1.02,0
0.8966738221306395,0.10332617786936049,1.02,0
0.43592550447171186,0.5640744955282881,1.43,50
0.1900494969630284,0.8099505030369716,1.51,400
0.28287789403666014,0.7171221059633399,1.78,240
0.7477343972644527,0.2522656027355473,1.13,0
0.751485293067839,0.24851470693216104,1.13,0
0.46161287605194856,0.5383871239480514,1.98,20
0.7905152526553663,0.20948474734463374,1.09,0
0.27227680599909754,0.7277231940009025,1.51,270
0.4992142941295053,0.5007857058704948,1.54,0
0.8917281324986226,0.1082718675013774,1.02,0
0.16252931587979758,0.8374706841202024,1.41,460
0.49111055993223957,0.5088894400677604,1.64,10
0.8681360768202215,0.13186392317977846,1.04,0
0.8487095917502514,0.1512904082497486,1.06,0
0.4872916093452494,0.5127083906547506,1.63,0
0.8550326064365104,0.14496739356348964,1.03,0
0.3816593714585703,0.6183406285414297,1.77,90
0.12242691958918064,0.8775730804108194,1.43,570
0.273856182387469,0.726143817612531,1.69,240
0.10844962142440472,0.8915503785755953,1.27,610
0.3169061334468941,0.6830938665531059,1.7,160
0.41578086776444556,0.5842191322355544,1.53,40
0.6740477477527165,0.3259522522472835,1.22,0
0.3129295637063063,0.6870704362936937,1.69,180
0.7629958851364809,0.23700411486351913,1.11,0
0.691790475188621,0.308209524811379,1.2,0
0.45184756159361594,0.5481524384063841,1.59,10
0.3528715269771443,0.6471284730228557,1.69,150
0.5004578610491639,0.4995421389508361,1.65,0
0.8485537686757691,0.15144623132423085,1.05,0
0.5778068382470684,0.42219316175293164,1.35,0
0.42559911918025134,0.5744008808197487,1.7,50
0.16927438944746476,0.8307256105525352,1.55,410
0.3099865580156742,0.6900134419843258,1.6,200
0.7287878723034534,0.27121212769654657,1.11,0
0.8961667355164399,0.10383326448356012,1.02,0
0.8640718886042625,0.13592811139573746,1.02,0
0.21996081116736077,0.7800391888326392,1.41,360
0.5801804837309766,0.41981951626902336,1.34,0
0.7949121030884106,0.20508789691158935,1.08,0
0.6175791377494568,0.38242086225054317,1.28,0
0.2837903702390469,0.716209629760953,1.61,240
0.4602785570795258,0.5397214429204742,1.81,10
0.6356788142078748,0.36432118579212525,1.22,0
0.8681529679267119,0.13184703207328807,1.03,0
0.8765358483294784,0.1234641516705216,1.02,0
0.7854709734083974,0.21452902659160256,1.13,0
0.8898787256475833,0.1101212743524167,1.02,0
0.4952099900222667,0.5047900099777334,1.7,0
0.8795330443258154,0.12046695567418464,1.03,0
0.864705658961566,0.13529434103843396,1.02,0
